SAMPLE_NAME,ROCK1,SIO2_pct,TIO2_pct,AL2O3_pct,FEOT_pct,CAO_pct,MGO_pct,MNO_pct,K2O_pct,NA2O_pct,P2O5_pct
S00001,KOMATIITE,45.07,0.45,8.98,10.77,9.19,22.41,0.22,0.03,0.4,0.06
S00005,ANDESITE,58.6,1.61,12.83,11.53,6.52,4.87,0.2,0.16,2.51,0.16
S00006,THOLEIITE,49.9,1.18,15.28,9.83,10.1,7.77,0.24,1.12,3.16,0.1
S00007,THOLEIITE,50.8,1.23,15.8,12.76,8.14,7.95,0.21,0.04,1.28,0.08
S00008,THOLEIITE,56.6,0.89,17.41,6.45,12.3,4.2,0.14,0.25,1.6,0.06
S00009,THOLEIITE,56.4,0.99,14.74,8.4,13.2,2.75,0.16,0.07,1.65,0.16
S00010,ANDESITE,57.3,1.82,12.33,12.73,5.68,4.1,0.2,0.2,3.73,0.19
S00011,ANDESITE,55.0,1.32,13.8,11.82,7.66,6.05,0.2,0.22,3.1,0.13
S00012,ANDESITE,57.5,1.18,12.8,11.82,10.7,6.11,0.24,0.11,1.48,0.13
S00013,ANDESITE,57.5,1.64,12.89,11.84,7.87,3.41,0.22,0.49,1.89,0.17
S00014,ANDESITE,55.5,1.7,13.15,14.58,6.17,3.57,0.26,0.51,2.37,0.2
S00015,ANDESITE,63.7,1.78,11.69,14.23,0.21,8.34,0.15,0.06,0.03,0.19
S00018,GABBRO,51.2,0.43,16.6,8.6,11.88,9.38,0.17,0.05,1.18,0.03
S00019,GABBRO,55.0,0.24,21.38,5.66,10.24,4.89,0.1,0.1,2.33,0.04
S00020,ANDESITE,55.67,0.84,16.18,6.11,7.93,5.78,0.13,0.56,3.18,0.2
S00041,GABBRO,53.1,0.282,12.86,6.76,1.4,12.6,0.15,1.16,1.41,0.05
S00042,GABBRO,54.4,1.08,18.0,7.46,7.39,6.48,0.12,0.5,4.38,0.11
S00044,KOMATIITE,49.5,0.274,5.14,10.5,8.8,25.2,0.14,0.0,0.0,0.02
S00049,KOMATIITE,53.7,0.647,13.1,10.4,6.38,12.0,0.15,0.01,3.3,0.09
S00050,KOMATIITE,52.5,0.524,10.6,10.3,7.86,15.8,0.16,0.01,2.0,0.06
S00051,KOMATIITE,49.5,0.274,5.14,10.5,8.8,25.2,0.14,0.0,0.0,0.02
S00053,KOMATIITE,45.2,0.419,8.43,12.7,7.73,24.3,0.21,0.01,0.37,0.06
S00056,KOMATIITE,54.2,0.528,11.2,9.79,6.07,14.2,0.14,0.01,3.35,0.08
S00078,KOMATIITE,40.98,0.34,7.34,10.44,8.34,20.7,0.16,0.04,0.11,0.07
S00079,KOMATIITE,44.01,0.36,8.04,10.44,8.86,23.1,0.23,0.05,0.03,0.03
S00089,KOMATIITE,44.3,0.42,8.79,10.44,11.09,23.95,0.24,0.05,0.05,0.03
S00095,KOMATIITE,46.39,0.47,8.39,10.44,7.93,24.49,0.17,0.06,0.17,0.03
S00097,KOMATIITE,47.22,0.48,8.96,10.44,8.42,22.46,0.16,1.15,0.03,0.02
S00098,KOMATIITE,46.59,0.45,8.13,10.44,8.19,25.1,0.19,0.04,0.04,0.04
S00099,KOMATIITE,48.31,0.34,6.46,10.44,9.08,25.08,0.16,0.03,0.1,0.04
S00100,KOMATIITE,48.03,0.37,6.6,10.44,9.59,24.42,0.19,0.04,0.1,0.04
S00101,KOMATIITE,47.6,0.42,8.18,10.44,7.42,24.44,0.17,0.15,0.24,0.06
S00104,KOMATIITE,47.08,0.41,8.47,10.44,8.9,22.42,0.25,0.06,0.02,0.04
S00105,KOMATIITE,47.32,0.41,8.65,10.44,8.18,23.29,0.19,0.04,0.18,0.06
S00107,KOMATIITE,46.07,0.43,9.36,10.44,6.1,24.62,0.17,0.05,0.05,0.03
S00115,KOMATIITE,47.79,0.45,9.44,10.44,9.14,20.28,0.23,0.19,0.47,0.02
S00117,ANDESITE,53.9,0.87,17.42,6.65,11.8,4.6,0.16,0.45,3.34,0.07
S00118,BASALT,50.8,1.33,15.94,12.1,9.42,6.8,0.2,0.14,1.77,0.15
S00119,ANDESITE,54.3,1.24,13.56,11.38,7.98,6.3,0.22,0.04,3.58,0.13
S00120,ANDESITE,55.4,1.13,13.47,10.64,9.59,5.52,0.21,0.09,2.64,0.13
S00121,ANDESITE,54.5,1.23,13.05,11.88,9.26,5.74,0.2,0.03,2.66,0.13
S00122,ANDESITE,54.8,1.18,13.21,11.74,7.66,5.95,0.24,0.22,3.56,0.13
S00124,ANDESITE,55.4,1.96,12.84,13.41,7.9,3.6,0.21,0.51,2.7,0.18
S00125,ANDESITE,55.7,1.8,13.28,13.68,7.1,3.81,0.23,0.39,2.3,0.19
S00127,ANDESITE,55.9,0.77,17.19,7.01,8.13,5.78,0.12,0.77,3.4,0.15
S00128,ANDESITE,58.7,0.9,17.36,5.55,5.32,5.28,0.13,0.42,5.54,0.18
S00129,ANDESITE,62.1,0.64,16.09,5.23,4.66,4.73,0.19,0.38,5.26,0.14
S00130,ANDESITE,59.2,0.76,14.33,6.63,6.72,6.69,0.11,0.77,3.89,0.16
S00131,ANDESITE,57.2,0.78,15.57,7.45,8.29,6.43,0.13,0.18,2.96,0.18
S00151,BASALT,49.02,0.66,9.79,11.21,10.8,15.33,0.18,0.21,1.12,0.07
S00152,KOMATIITE,50.75,0.68,11.28,11.23,8.45,13.94,0.18,0.16,1.67,0.07
S00153,KOMATIITE,52.57,0.81,13.96,10.82,9.75,7.5,0.18,0.75,2.24,0.07
S00154,KOMATIITE,51.18,0.79,12.7,11.36,9.23,10.2,0.18,0.15,2.74,0.07
S00155,THOLEIITE,48.2,1.09,14.3,11.7,9.36,7.72,0.21,0.07,2.2,0.09
S00159,KOMATIITE,39.3,0.37,7.1,10.8,10.0,20.53,0.27,0.02,0.1,0.03
S00160,BASALT,49.9,0.84,8.0,11.97,10.16,13.28,0.22,0.04,0.9,0.08
S00161,BASALT,47.9,0.62,10.8,10.08,9.42,13.0,0.18,0.03,2.4,0.06
S00162,BASALT,49.2,0.98,9.0,12.51,11.5,11.5,0.22,0.01,0.9,0.08
S00163,BASALT,53.4,1.04,9.9,11.43,9.6,8.39,0.21,0.03,2.1,0.09
S00166,RHYOLITE,67.6,0.57,12.8,6.12,4.14,0.38,0.2,0.91,3.7,0.16
S00168,BASALT,57.8,1.2,16.6,4.86,9.61,3.06,0.1,0.03,2.7,0.14
S00170,BASALT,50.2,1.5,17.9,8.55,9.55,3.03,0.13,0.15,5.0,0.14
S00171,BASALT,49.5,1.32,17.4,7.29,13.2,3.66,0.15,0.09,3.6,0.13
S00172,GABBRO,47.9,1.32,12.2,13.41,7.39,4.85,0.2,0.13,3.0,0.13
S00173,BASALT,53.2,0.32,18.6,6.03,8.29,5.71,0.16,0.11,1.8,0.04
S00182,ANDESITE,61.4,1.02,12.2,13.23,0.65,4.78,0.16,0.83,0.19,0.13
S00188,KOMATIITE,45.2,0.409,8.52,11.97,9.05,22.6,0.22,0.04,0.05,0.02
S00189,KOMATIITE,45.3,0.401,8.34,11.25,8.87,23.7,0.21,0.03,0.05,0.02
S00190,KOMATIITE,45.6,0.447,9.13,11.16,10.8,20.7,0.25,0.03,0.1,0.02
S00199,KOMATIITE,45.5,0.41,8.27,10.89,8.28,24.1,0.19,0.07,0.49,0.02
S00200,KOMATIITE,45.5,0.411,8.27,10.89,8.28,24.3,0.18,0.07,0.37,0.02
S00201,KOMATIITE,45.5,0.401,8.26,10.89,8.3,24.3,0.19,0.07,0.38,0.02
S00202,KOMATIITE,45.6,0.409,8.38,11.16,8.52,23.5,0.18,0.07,0.45,0.02
S00203,KOMATIITE,45.8,0.41,8.24,10.89,8.51,23.7,0.18,0.11,0.42,0.02
S00212,KOMATIITE,48.2,0.22,12.78,9.96,10.12,11.0,0.17,0.04,2.21,0.07
S00213,KOMATIITE,44.4,0.48,8.75,9.75,7.78,20.2,0.19,0.04,1.04,0.07
S00214,KOMATIITE,45.4,0.42,8.71,9.5,8.12,20.7,0.18,0.1,1.0,0.07
S00215,KOMATIITE,42.2,0.3,8.27,10.18,5.77,25.3,0.18,0.09,0.47,0.07
S00216,KOMATIITE,43.5,0.32,7.38,10.15,7.13,25.3,0.2,0.06,0.84,0.07
S00217,KOMATIITE,42.9,0.23,7.82,9.86,7.46,23.2,0.18,0.08,0.82,0.07
S00218,KOMATIITE,43.4,0.82,8.11,10.18,7.32,22.0,0.19,0.18,0.82,0.07
S00223,KOMATIITE,43.3,0.39,7.08,9.68,6.81,23.6,0.18,0.13,0.5,0.07
S00224,KOMATIITE,43.1,0.39,6.98,9.21,6.77,25.1,0.18,0.17,0.28,0.07
S00225,KOMATIITE,43.0,0.44,8.74,10.22,9.91,19.7,0.2,0.03,0.45,0.07
S00226,BASALT,53.78,1.3,12.6,12.99,8.01,6.26,0.17,0.11,2.3,0.1
S00227,BASALT,49.12,1.22,13.49,12.52,13.18,5.73,0.25,0.13,2.38,0.08
S00230,BASALT,49.29,0.79,14.48,11.16,11.57,9.13,0.21,0.32,1.74,0.07
S00231,BASALT,57.73,0.8,12.7,9.75,7.43,6.44,0.18,0.15,3.64,0.09
S00232,BASALT,51.06,0.84,16.45,10.51,12.63,4.47,0.24,0.49,2.06,0.07
S00237,BASALT,53.09,1.05,14.28,10.81,10.24,6.47,0.22,0.05,2.52,0.08
S00238,BASALT,51.03,1.04,15.95,12.55,9.68,5.5,0.23,0.04,2.48,0.1
S00239,BASALT,51.06,1.91,13.91,14.66,7.49,5.73,0.24,0.08,3.14,0.15
S00240,BASALT,49.5,1.7,14.1,15.5,8.82,5.72,0.25,0.29,2.25,0.14
S00242,BASALT,49.84,0.81,14.68,11.55,11.21,7.98,0.18,0.2,2.2,0.06
S00243,BASALT,48.87,0.7,14.99,11.64,11.4,8.03,0.2,0.16,2.66,0.05
S00245,BASALT,48.45,1.2,15.44,12.26,10.3,7.72,0.2,0.17,2.8,0.09
S00246,BASALT,49.01,0.94,16.4,11.86,10.77,6.96,0.2,0.36,2.09,0.07
S00247,BASALT,48.89,1.03,15.24,12.8,10.33,7.33,0.21,0.06,2.61,0.08
S00248,BASALT,49.59,0.92,14.42,12.98,11.96,7.03,0.26,0.12,1.22,0.07
S00249,BASALT,48.7,0.8,16.4,11.25,11.8,7.5,0.2,0.1,2.0,0.06
S00251,BASALT,49.5,0.8,15.5,10.8,11.6,8.3,0.2,0.06,2.0,0.06
S00252,BASALT,48.3,0.7,12.4,8.01,8.3,8.6,0.2,0.2,2.7,0.2
S00261,ANDESITE,61.2,0.5,16.3,5.22,9.0,2.5,0.1,0.4,4.0,0.1
S00262,BASALT,51.9,0.86,16.62,9.32,11.69,5.47,0.14,0.15,2.74,0.06
S00263,ANDESITE,57.1,1.09,14.1,13.23,6.1,2.5,0.2,0.3,3.7,0.17
S00266,KOMATIITE,47.27,0.35,7.95,10.71,7.18,24.9,0.2,0.01,0.22,0.02
S00267,KOMATIITE,50.42,0.35,6.56,10.08,7.1,23.9,0.2,0.07,0.25,0.03
S00268,KOMATIITE,46.1,0.38,7.43,10.89,7.26,21.9,0.18,0.02,0.09,0.03
S00269,KOMATIITE,41.5,0.48,9.6,12.15,6.3,21.9,0.25,0.04,0.32,0.03
S00270,BASALT,49.11,0.6,10.55,12.51,8.17,16.3,0.22,0.08,1.01,0.05
S00271,BASALT,51.08,0.82,10.73,11.52,9.01,14.3,0.2,0.13,0.87,0.08
S00272,BASALT,51.41,0.6,11.38,10.53,8.86,13.3,0.19,0.54,1.95,0.04
S00273,BASALT,47.08,0.87,10.8,14.22,8.17,15.4,0.23,0.63,0.95,0.09
S00274,BASALT,48.1,0.63,11.3,10.98,11.0,9.57,0.2,0.1,1.79,0.05
S00275,BASALT,49.2,1.01,14.0,11.79,11.3,7.59,0.24,0.48,1.28,0.12
S00276,BASALT,49.53,1.11,14.77,12.92,10.36,6.67,0.24,0.52,2.38,0.08
S00277,BASALT,51.06,1.2,13.82,13.83,9.32,6.04,0.23,0.52,2.34,0.1
S00278,BASALT,50.0,0.88,15.7,9.63,11.4,4.03,0.25,0.16,2.67,0.07
S00279,BASALT,50.21,1.27,14.28,13.82,11.47,5.42,0.21,0.03,1.64,0.11
S00280,BASALT,51.59,1.28,13.96,12.56,10.91,4.86,0.21,0.26,2.86,0.11
S00284,BASALT,50.43,0.57,14.34,10.8,12.2,8.66,0.24,0.41,1.13,0.03
S00285,BASALT,52.03,0.6,15.24,9.69,8.46,7.55,0.22,0.65,3.43,0.04
S00286,BASALT,48.0,2.05,14.1,15.57,8.73,5.13,0.22,0.24,3.39,0.19
S00287,BASALT,48.3,0.72,15.2,10.35,10.7,7.43,0.18,0.2,2.75,0.06
S00288,BASALT,54.04,0.81,13.1,10.95,10.31,7.13,0.28,1.12,1.0,0.05
S00289,BASALT,48.31,0.64,13.33,11.17,11.9,11.8,0.19,0.07,1.29,0.04
S00290,BASALT,51.21,0.72,15.41,10.43,12.83,6.41,0.18,0.59,1.0,0.05
S00291,BASALT,50.06,0.89,15.47,11.55,10.09,6.75,0.19,0.66,2.98,0.06
S00292,BASALT,48.42,1.01,14.54,13.82,9.75,7.42,0.25,0.61,2.58,0.07
S00294,BASALT,51.31,1.7,13.42,14.84,9.64,4.16,0.29,0.48,2.41,0.12
S00299,BASALT,49.6,1.69,13.8,12.69,11.6,5.97,0.25,0.13,1.64,0.16
S00301,BASALT,49.4,0.93,13.4,10.17,10.7,6.6,0.23,0.2,1.4,0.1
S00302,BASALT,52.0,1.06,14.4,9.81,9.5,5.3,0.23,0.7,2.5,0.11
S00303,BASALT,53.5,1.15,15.2,9.81,8.0,7.2,0.19,0.1,3.6,0.13
S00304,BASALT,61.1,1.1,17.4,6.48,5.4,3.5,0.18,0.2,3.9,0.08
S00305,BASALT,49.6,0.89,15.4,11.79,11.1,7.2,0.26,0.5,1.8,0.07
S00306,BASALT,49.4,1.63,14.2,13.32,8.5,7.0,0.25,0.3,3.7,0.17
S00307,BASALT,50.2,1.22,14.4,12.42,12.4,4.9,0.26,0.4,2.4,0.11
S00309,BASALT,52.6,1.47,13.0,15.03,8.1,4.8,0.22,0.3,2.5,0.16
S00313,BASALT,50.3,0.95,14.8,11.52,9.8,8.6,0.13,0.1,2.4,0.1
S00314,BASALT,52.5,0.75,14.8,10.17,10.4,7.8,0.17,0.3,1.9,0.06
S00315,BASALT,51.4,1.0,13.8,10.53,10.3,7.6,0.22,0.3,3.5,0.1
S00316,BASALT,50.6,0.73,12.9,11.7,10.5,9.6,0.21,0.3,2.2,0.1
S00317,BASALT,50.2,0.89,14.4,11.52,11.6,7.8,0.2,0.1,1.9,0.07
S00318,BASALT,49.6,0.8,15.2,11.07,12.6,7.0,0.18,0.2,2.2,0.07
S00319,BASALT,49.2,0.77,16.2,10.89,10.5,8.6,0.19,0.2,2.2,0.06
S00320,BASALT,49.2,0.96,15.8,12.24,12.4,6.2,0.23,0.1,1.4,0.07
S00321,BASALT,49.3,1.2,15.6,12.69,8.7,8.3,0.15,0.4,2.1,0.09
S00322,BASALT,49.2,0.99,15.9,12.06,9.6,8.1,0.2,0.2,2.4,0.07
S00323,BASALT,51.6,1.36,15.2,12.78,8.7,5.1,0.27,0.3,3.2,0.12
S00324,BASALT,50.3,0.76,14.7,11.07,11.5,8.0,0.21,0.1,2.1,0.06
S00326,BASALT,51.4,0.92,17.4,10.44,11.9,3.7,0.22,0.4,2.4,0.06
S00327,BASALT,51.1,1.15,14.5,13.95,7.4,7.2,0.2,0.0,2.7,0.1
S00328,BASALT,48.9,0.88,15.6,11.79,11.7,8.0,0.16,0.1,1.5,0.06
S00329,BASALT,49.3,1.25,15.5,12.96,9.3,7.9,0.14,0.3,1.8,0.09
S00330,BASALT,53.4,0.97,16.9,9.72,12.5,3.3,0.21,0.2,1.6,0.07
S00331,BASALT,50.8,0.83,15.7,11.79,12.0,4.6,0.29,0.3,2.4,0.05
S00332,BASALT,52.1,0.93,14.1,13.23,8.5,6.5,0.21,0.1,2.8,0.06
S00333,BASALT,52.3,0.82,13.7,12.51,7.1,8.4,0.2,0.1,3.5,0.07
S00334,BASALT,52.1,1.11,13.8,12.15,11.5,5.9,0.2,0.2,1.6,0.1
S00335,BASALT,51.3,1.13,13.8,13.32,10.8,5.8,0.2,0.1,2.0,0.1
S00336,BASALT,52.1,0.85,13.9,11.88,9.1,7.2,0.2,0.8,2.6,0.1
S00337,BASALT,52.1,1.59,12.7,14.85,9.6,5.0,0.23,0.4,1.8,0.2
S00338,BASALT,50.5,1.41,14.1,13.68,10.4,5.8,0.23,0.2,1.9,0.2
S00339,BASALT,52.2,1.27,15.3,12.24,10.9,4.3,0.18,0.5,1.6,0.1
S00340,BASALT,50.8,0.81,14.3,11.97,11.0,7.4,0.16,0.3,2.0,0.1
S00342,BASALT,50.7,1.18,14.7,12.06,11.2,5.9,0.28,0.3,2.2,0.1
S00344,BASALT,52.1,1.14,13.6,12.6,8.5,7.1,0.21,0.7,2.6,0.1
S00347,BASALT,51.9,1.17,13.2,13.23,7.9,6.8,0.23,1.0,3.0,0.11
S00349,BASALT,52.8,1.18,13.4,13.41,8.3,6.0,0.24,0.2,2.9,0.14
S00350,BASALT,51.6,1.14,14.2,13.23,7.9,7.2,0.23,0.1,2.7,0.1
S00351,BASALT,53.1,1.2,13.8,13.68,7.7,6.3,0.24,0.1,2.2,0.13
S00354,BASALT,57.1,1.09,14.1,13.23,6.1,2.5,0.2,0.3,3.7,0.2
S00357,ANDESITE,55.8,1.14,15.3,9.45,7.1,6.5,0.12,0.8,2.7,0.18
S00360,BASALT,49.84,0.53,8.25,11.17,9.27,19.15,0.19,0.03,0.31,0.02
S00361,BASALT,48.14,0.7,7.86,12.49,9.47,19.44,0.18,0.06,0.22,0.04
S00362,BASALT,48.59,0.7,9.43,12.17,8.7,17.93,0.19,0.05,0.82,0.06
S00363,BASALT,48.81,0.38,7.66,11.03,8.36,22.21,0.18,0.01,0.12,0.03
S00364,BASALT,48.94,0.41,7.88,10.99,9.53,20.56,0.19,0.03,0.24,0.01
S00365,BASALT,49.38,0.55,6.72,10.02,8.73,23.01,0.17,0.255,0.25,0.04
S00366,BASALT,52.9,0.44,12.44,9.68,6.8,13.91,0.16,0.04,2.54,0.01
S00367,BASALT,53.9,0.8,15.59,10.19,7.89,5.02,0.21,0.24,4.97,0.04
S00368,BASALT,48.89,0.6,8.96,12.54,7.78,19.39,0.16,0.03,0.22,0.04
S00378,BASALT,55.88,0.95,12.9,11.1,8.5,7.15,0.2,0.04,1.98,0.07
S00380,BASALT,51.71,1.02,13.99,12.92,10.23,6.82,0.22,0.07,1.52,0.07
S00381,BASALT,56.7,1.39,17.28,8.96,4.98,4.75,0.25,0.03,4.56,0.1
S00382,BASALT,54.85,1.0,17.09,9.16,7.13,4.39,0.27,0.74,4.3,0.05
S00383,BASALT,52.31,1.03,15.36,11.49,8.75,5.36,0.21,0.27,3.9,0.05
S00384,ANDESITE,61.61,1.43,13.38,7.66,7.22,2.57,0.15,0.06,4.94,0.13
S00395,BASALT,54.33,0.93,17.06,9.43,10.64,3.56,0.26,0.53,2.16,0.04
S00396,BASALT,53.6,0.89,16.36,10.28,9.7,6.09,0.18,0.01,1.67,0.05
S00397,BASALT,51.82,0.88,15.81,11.92,10.28,7.59,0.18,0.255,0.16,0.04
S00398,BASALT,52.71,1.09,17.39,9.58,9.72,4.04,0.23,0.21,3.88,0.08
S00400,BASALT,55.4,1.06,17.01,9.2,9.74,3.83,0.24,0.02,2.4,0.06
S00401,BASALT,52.51,1.1,15.65,11.16,10.98,7.0,0.27,0.255,2.11,0.09
S00402,BASALT,46.94,1.21,16.63,14.15,11.43,5.77,0.23,0.28,1.7,0.08
S00403,BASALT,50.55,1.25,15.92,13.48,7.74,7.72,0.19,0.07,1.49,0.09
S00404,BASALT,50.38,1.37,14.68,11.94,10.81,5.64,0.29,0.19,3.28,0.09
S00405,BASALT,47.75,0.98,16.73,12.2,10.81,7.48,0.21,0.11,2.31,0.06
S00406,BASALT,56.9,0.85,15.85,7.59,9.05,4.44,0.16,0.19,4.04,0.06
S00407,BASALT,52.43,0.96,17.37,9.52,9.07,4.98,0.19,0.29,4.07,0.05
S00408,BASALT,47.61,0.95,16.52,12.47,11.59,7.28,0.19,0.1,1.82,0.07
S00409,BASALT,50.42,0.95,16.77,9.19,10.94,7.24,0.15,0.15,3.09,0.06
S00410,BASALT,49.26,0.87,15.46,11.43,11.88,7.14,0.18,0.1,2.35,0.06
S00427,BASALT,50.6,1.03,15.83,11.43,9.45,6.16,0.17,0.06,2.8,0.05
S00428,BASALT,48.13,0.88,17.67,11.93,9.78,5.26,0.23,0.32,2.78,0.0
S00433,BASALT,49.84,0.72,14.45,9.78,11.8,6.5,0.18,0.21,1.7,0.0
S00434,BASALT,50.44,0.83,14.85,11.38,6.03,6.78,0.23,0.255,3.97,0.04
S00435,BASALT,44.88,0.71,16.13,10.55,11.16,8.75,0.18,0.09,1.18,0.09
S00436,BASALT,47.6,1.41,15.08,12.41,9.3,6.42,0.19,0.255,2.62,0.06
S00437,BASALT,53.44,1.17,16.87,8.53,8.79,4.72,0.2,0.09,3.72,0.16
S00439,BASALT,46.95,1.29,14.47,13.43,13.24,5.07,0.23,0.36,1.34,0.06
S00440,BASALT,48.84,1.33,14.79,13.53,10.44,5.86,0.23,0.5,1.63,0.06
S00443,ANDESITE,59.34,0.99,14.8,7.36,5.95,4.32,0.19,0.13,4.29,0.19
S00446,GABBRO,48.5,0.79,14.0,12.69,10.12,7.67,0.21,0.65,2.2,0.08
S00447,GABBRO,49.3,1.26,14.1,15.57,7.8,5.79,0.21,0.76,3.3,0.12
S00450,BASALT,53.3,0.73,18.6,7.72,7.05,5.24,0.14,0.41,3.35,0.1
S00451,BASALT,51.45,1.35,14.66,12.64,11.12,4.91,0.21,0.18,1.91,0.15
S00452,BASALT,50.45,1.35,15.63,12.33,11.47,4.87,0.18,0.18,2.0,0.15
S00453,BASALT,59.56,1.13,15.5,6.41,8.96,4.13,0.11,0.29,2.99,0.2
S00454,BASALT,43.42,1.25,19.41,12.77,11.27,8.22,0.18,0.44,1.42,0.19
S00455,BASALT,52.08,1.79,13.47,14.48,8.53,4.39,0.23,0.25,3.0,0.17
S00465,BASALT,49.84,0.32,9.29,11.67,9.87,16.61,0.21,0.09,0.78,0.02
S00466,BASALT,51.32,0.68,9.21,12.53,7.92,16.04,0.22,0.33,0.29,0.06
S00468,BASALT,53.59,0.32,9.38,11.84,8.99,12.62,0.17,0.05,1.69,0.02
S00469,KOMATIITE,52.79,0.17,5.05,9.42,7.87,23.38,0.16,0.0,0.11,0.02
S00470,KOMATIITE,51.85,0.21,5.55,10.23,5.47,25.33,0.13,0.0,0.12,0.0
S00471,KOMATIITE,50.16,0.28,7.78,11.71,7.2,21.09,0.21,0.02,0.23,0.02
S00472,BASALT,52.98,0.22,6.91,9.63,12.05,16.31,0.21,0.25,0.35,0.02
S00473,BASALT,52.08,0.32,8.76,10.62,10.35,14.81,0.22,0.94,0.67,0.03
S00474,BASALT,52.39,0.31,9.89,10.0,10.55,13.34,0.2,0.05,2.17,0.0
S00475,BASALT,53.44,0.28,9.14,10.89,10.57,12.41,0.24,0.17,1.62,0.02
S00476,BASALT,52.76,0.28,9.12,12.31,7.98,13.58,0.19,0.05,2.36,0.0
S00477,BASALT,52.86,0.31,9.6,11.91,8.42,12.72,0.17,0.13,2.56,0.0
S00478,THOLEIITE,48.87,0.7,14.99,11.64,11.4,8.03,0.2,0.16,2.66,0.05
S00479,THOLEIITE,49.56,1.05,15.22,12.21,9.22,7.65,0.21,0.02,3.42,0.07
S00480,THOLEIITE,48.65,1.16,14.71,14.43,10.9,6.37,0.23,0.14,1.72,0.08
S00481,THOLEIITE,49.59,1.37,13.31,15.62,10.26,6.33,0.24,0.04,1.39,0.1
S00482,THOLEIITE,51.11,1.78,12.42,15.12,8.27,5.6,0.23,0.15,3.49,0.14
S00483,BASALT,50.31,0.63,16.02,10.81,7.81,9.0,0.21,0.25,3.72,0.04
S00484,BASALT,50.72,0.78,16.05,11.18,8.33,7.53,0.21,0.37,3.53,0.06
S00485,BASALT,49.84,1.03,14.86,12.35,9.42,7.75,0.2,0.43,2.65,0.09
S00487,BASALT,49.34,0.9,16.0,12.27,8.65,7.33,0.21,0.26,3.6,0.07
S00488,BASALT,48.94,1.03,15.01,12.77,10.28,7.38,0.22,0.14,2.72,0.09
S00489,BASALT,54.34,1.97,14.07,11.83,6.15,6.6,0.22,0.09,3.21,0.2
S00490,BASALT,50.11,1.7,14.65,14.2,9.05,6.12,0.25,0.98,1.2,0.16
S00492,BASALT,50.82,0.35,10.49,11.38,11.21,13.06,0.25,0.31,0.81,0.04
S00494,BASALT,56.27,0.4,12.71,9.96,9.11,8.08,0.18,0.29,1.81,0.07
S00495,THOLEIITE,49.65,0.66,14.88,12.5,10.16,7.91,0.23,0.14,2.42,0.04
S00496,THOLEIITE,52.5,0.75,16.53,10.14,11.81,3.83,0.25,0.16,2.86,0.04
S00503,RHYOLITE,74.03,0.39,10.75,4.07,4.66,2.39,0.17,0.8,2.23,0.06
S00504,RHYOLITE,74.19,0.52,10.04,6.35,2.63,2.6,0.11,0.95,1.83,0.06
S00513,KOMATIITE,48.83,0.39,8.3,11.19,8.92,19.8,0.21,0.07,1.01,0.03
S00514,KOMATIITE,47.78,0.49,8.92,11.63,7.42,22.05,0.19,0.0,0.2,0.04
S00515,KOMATIITE,50.2,0.37,7.39,11.27,9.5,18.53,0.23,0.06,1.17,0.03
S00516,KOMATIITE,50.13,0.31,6.38,10.1,7.33,23.95,0.18,0.26,0.19,0.02
S00517,BASALT,51.3,0.78,12.9,11.15,9.41,10.44,0.17,0.45,2.08,0.06
S00518,BASALT,50.84,0.76,12.74,12.02,7.64,10.98,0.19,0.12,3.31,0.06
S00519,BASALT,52.02,0.74,12.59,10.96,8.83,10.31,0.17,0.29,2.82,0.06
S00522,THOLEIITE,49.4,0.88,14.59,13.52,12.65,6.68,0.25,0.02,0.43,0.06
S00523,THOLEIITE,49.31,1.02,16.06,13.43,7.55,8.77,0.2,1.07,1.03,0.08
S00524,THOLEIITE,50.91,0.8,15.2,11.91,11.61,7.97,0.23,0.0,0.0,0.07
S00525,THOLEIITE,50.79,0.96,14.86,12.64,10.89,5.68,0.23,0.08,2.38,0.07
S00526,THOLEIITE,49.79,1.04,15.43,11.85,12.55,5.5,0.26,0.1,2.08,0.08
S00527,THOLEIITE,52.69,1.18,14.57,11.0,9.52,6.27,0.2,0.05,3.2,0.09
S00528,THOLEIITE,53.55,0.9,16.61,8.95,9.76,4.82,0.17,0.06,4.11,0.06
S00529,THOLEIITE,48.79,1.17,15.29,12.25,13.19,6.06,0.23,0.0,1.57,0.09
S00530,THOLEIITE,51.3,0.86,15.2,12.3,11.12,5.51,0.25,0.18,1.86,0.06
S00534,ANDESITE,60.36,0.63,16.95,6.83,4.83,5.87,0.16,0.98,2.51,0.12
S00540,KOMATIITE,45.04,1.33,5.92,10.44,3.7,21.31,0.21,0.1,0.32,0.13
S00543,KOMATIITE,42.17,1.35,5.12,10.44,7.09,18.43,0.24,0.44,0.22,0.11
S00544,KOMATIITE,42.91,1.31,5.11,10.44,7.01,19.58,0.24,0.63,0.11,0.11
S00545,KOMATIITE,41.34,1.23,4.47,10.44,7.29,18.08,0.2,0.16,0.31,0.11
S00546,KOMATIITE,50.23,0.68,10.46,10.44,8.22,13.21,0.21,0.23,2.06,0.06
S00547,KOMATIITE,45.37,0.4,10.52,10.44,9.01,17.49,0.22,0.08,0.56,0.1
S00548,KOMATIITE,43.9,0.82,11.69,10.44,9.16,16.37,0.24,0.11,0.83,0.14
S00549,BASALT,45.61,0.92,13.88,10.44,9.05,10.29,0.2,0.31,1.87,0.07
S00550,BASALT,49.54,0.81,12.55,10.44,10.1,10.1,0.18,0.52,1.95,0.07
S00551,BASALT,50.03,0.82,13.16,10.44,10.3,8.67,0.2,0.65,2.32,0.08
S00552,BASALT,48.77,0.87,15.42,10.44,12.24,7.69,0.2,0.17,1.45,0.13
S00553,BASALT,49.27,1.09,15.27,10.44,11.52,6.2,0.24,0.11,1.75,0.12
S00555,BASALT,49.17,1.04,15.32,10.44,11.47,5.98,0.23,0.21,1.69,0.15
S00556,BASALT,48.7,0.92,15.5,10.44,12.45,5.85,0.26,0.07,1.59,0.12
S00559,BASALT,49.99,0.94,13.74,10.44,10.53,6.57,0.28,0.0,2.9,0.11
S00560,BASALT,43.23,0.88,14.29,10.44,14.0,4.12,0.28,0.08,1.36,0.13
S00561,BASALT,49.95,0.93,14.76,10.44,11.62,6.85,0.18,0.05,1.67,0.16
S00562,BASALT,51.39,1.06,15.99,10.44,7.6,6.71,0.19,0.52,2.68,0.14
S00565,BASALT,48.88,0.86,14.28,10.44,10.68,5.93,0.19,0.12,3.09,0.06
S00566,BASALT,50.1,1.28,15.49,10.44,12.22,4.71,0.15,0.23,3.6,0.1
S00567,BASALT,47.72,0.91,14.5,10.44,10.08,7.66,0.19,0.08,2.21,0.07
S00568,BASALT,46.98,0.98,13.83,10.44,13.46,6.48,0.24,0.11,2.08,0.08
S00569,BASALT,48.63,1.09,14.55,10.44,10.5,5.73,0.22,0.1,2.78,0.08
S00570,BASALT,46.92,0.73,12.66,10.44,12.24,9.86,0.17,0.03,1.4,0.06
S00571,BASALT,52.73,0.87,14.79,10.44,8.36,6.68,0.18,0.07,2.52,0.09
S00572,BASALT,46.82,0.86,14.85,10.44,11.37,7.87,0.19,0.04,1.11,0.08
S00573,KOMATIITE,49.67,0.41,8.68,11.62,7.31,20.3,0.29,0.05,0.33,0.04
S00575,KOMATIITE,52.24,0.27,5.65,10.2,6.87,23.1,0.23,0.03,0.25,0.02
S00576,KOMATIITE,47.38,0.28,6.24,13.06,7.03,23.99,0.29,0.04,0.22,0.02
S00577,KOMATIITE,47.6,0.37,5.63,12.49,9.43,22.12,0.21,0.04,0.7,0.02
S00578,THOLEIITE,50.25,0.42,16.33,8.77,11.62,9.06,0.16,0.22,2.17,0.03
S00579,THOLEIITE,50.71,0.6,7.15,13.91,10.41,14.02,0.24,0.05,1.32,0.04
S00580,THOLEIITE,51.87,0.73,13.23,12.36,7.63,8.02,0.2,0.61,3.93,0.05
S00581,THOLEIITE,48.94,0.4,14.53,10.01,11.54,11.23,0.18,0.23,1.81,0.03
S00582,THOLEIITE,49.28,0.74,15.39,10.78,12.09,8.45,0.18,0.45,1.38,0.05
S00584,THOLEIITE,48.43,1.31,14.43,14.28,10.92,6.22,0.21,0.33,2.18,0.1
S00585,ANDESITE,54.37,0.46,10.25,10.9,7.41,13.13,0.19,0.45,1.58,0.05
S00586,ANDESITE,55.93,0.67,14.14,9.01,9.54,6.55,0.17,0.58,2.35,0.07
S00588,ANDESITE,55.33,0.66,14.01,9.3,8.99,7.46,0.16,0.66,2.32,0.07
S00589,BASALT,50.28,1.04,14.88,13.3,10.47,6.56,0.25,0.79,0.89,0.07
S00590,BASALT,49.23,0.82,16.31,11.9,8.55,7.91,0.18,0.21,3.49,0.06
S00591,BASALT,50.8,1.01,14.35,13.1,7.75,8.11,0.17,0.21,2.94,0.09
S00592,BASALT,49.54,0.92,15.32,12.5,8.93,7.61,0.2,0.17,3.33,0.07
S00593,BASALT,47.58,0.98,15.18,12.73,10.36,8.51,0.17,0.64,2.38,0.06
S00600,THOLEIITE,47.51,0.74,16.01,10.46,13.66,8.48,0.18,0.19,1.55,0.04
S00601,THOLEIITE,48.41,1.67,14.25,15.43,9.0,6.52,0.21,0.18,2.47,0.13
S00602,THOLEIITE,48.67,0.62,15.62,10.35,12.37,9.36,0.16,0.11,1.57,0.02
S00603,THOLEIITE,48.97,1.11,16.02,12.64,9.38,7.45,0.18,0.11,2.65,0.07
S00604,THOLEIITE,49.25,0.78,14.86,11.51,12.11,8.44,0.17,0.06,1.52,0.03
S00605,THOLEIITE,49.94,0.64,15.06,10.73,13.55,6.8,0.21,0.27,1.57,0.02
S00606,THOLEIITE,50.01,0.83,15.54,11.48,12.96,5.75,0.23,0.16,1.73,0.03
S00607,THOLEIITE,52.84,1.08,15.38,11.67,10.35,5.02,0.17,0.21,1.87,0.12
S00613,THOLEIITE,46.56,1.14,16.43,13.42,10.96,7.25,0.18,0.25,2.26,0.05
S00614,THOLEIITE,48.27,0.95,15.07,11.91,11.92,8.44,0.19,0.24,1.62,0.05
S00615,THOLEIITE,48.41,0.69,14.06,11.73,13.45,6.85,0.25,0.69,2.5,0.05
S00616,THOLEIITE,48.85,0.84,15.0,12.0,12.26,6.98,0.29,0.17,2.21,0.05
S00617,THOLEIITE,52.06,1.06,15.65,10.61,10.43,5.91,0.25,0.23,2.55,0.07
S00618,THOLEIITE,49.88,0.73,15.16,11.06,12.6,8.04,0.18,0.18,0.89,0.05
S00619,THOLEIITE,50.12,0.72,15.07,11.16,12.61,7.28,0.19,0.17,1.35,0.09
S00620,THOLEIITE,50.81,0.84,14.3,11.5,12.17,6.98,0.19,0.21,1.62,0.1
S00621,THOLEIITE,51.43,0.73,14.78,11.27,11.29,7.54,0.18,0.22,1.25,0.05
S00624,THOLEIITE,49.95,1.78,14.78,13.68,7.66,6.33,0.23,0.12,3.82,0.11
S00625,BASALT,47.93,0.31,11.49,9.86,15.56,12.32,0.26,0.49,0.57,0.09
S00630,BASALT,49.3,0.62,14.84,10.76,10.51,10.31,0.2,0.29,1.97,0.04
S00631,BASALT,48.0,0.65,15.85,11.78,9.77,10.09,0.18,0.11,2.24,0.05
S00632,BASALT,48.9,0.69,15.46,11.52,11.16,8.36,0.19,0.18,2.16,0.05
S00634,BASALT,47.1,0.89,15.69,13.48,10.39,7.38,0.23,0.4,2.89,0.07
S00635,BASALT,49.8,1.22,13.71,15.1,9.35,6.2,0.24,0.1,2.48,0.08
S00646,BASALT,53.1,1.32,15.46,10.26,9.22,4.93,0.21,0.05,4.23,0.1
S00652,KOMATIITE,49.3,0.345,7.01,11.34,9.09,22.4,0.224,0.005,0.005,0.043
S00655,BASALT,51.1,0.569,8.68,11.52,8.72,17.2,0.232,0.021,1.53,0.042
S00656,BASALT,52.2,0.558,9.38,9.99,11.4,13.0,0.224,0.032,2.83,0.043
S00657,BASALT,54.3,0.987,15.4,8.78,8.8,5.2,0.216,0.852,3.28,0.097
S00658,BASALT,56.7,1.35,14.7,9.27,7.14,5.62,0.26,0.166,4.33,0.135
S00662,KOMATIITE,46.7,0.423,8.0,11.43,8.43,23.7,0.197,0.154,0.417,0.033
S00663,KOMATIITE,46.4,0.48,9.62,11.7,12.0,18.6,0.241,0.105,0.567,0.042
S00664,KOMATIITE,46.7,0.444,8.49,10.89,8.99,23.6,0.214,0.043,0.289,0.043
S00671,KOMATIITE,44.35,0.38,7.78,8.74,6.91,25.24,0.14,0.03,0.41,0.03
S00673,KOMATIITE,45.6,0.44,9.52,11.45,10.87,20.67,0.23,0.04,0.55,0.03
S00674,BASALT,51.4,0.8,12.9,7.9,7.9,11.1,0.18,0.1,3.7,0.05
S00675,BASALT,49.0,0.7,12.5,10.9,6.7,11.9,0.18,0.9,2.7,0.05
S00676,BASALT,50.7,0.5,8.6,8.6,10.2,16.6,0.18,0.01,1.1,0.03
S00677,KOMATIITE,37.6,0.7,11.5,13.2,7.3,20.5,0.18,0.02,0.14,0.07
S00679,BASALT,51.02,0.67,12.2,10.44,8.52,12.2,0.19,0.09,3.39,0.07
S00680,BASALT,50.63,0.79,13.22,10.15,10.22,9.8,0.21,0.15,3.54,0.06
S00681,BASALT,50.13,0.42,8.39,10.6,13.57,14.71,0.24,0.03,0.31,0.04
S00682,BASALT,51.97,0.81,14.29,9.8,8.8,7.95,0.18,0.05,4.61,0.08
S00683,BASALT,50.25,0.76,12.67,10.57,9.71,11.29,0.19,0.05,2.97,0.08
S00684,BASALT,49.29,0.71,12.19,9.53,11.07,13.01,0.17,0.03,2.6,0.08
S00685,BASALT,50.08,0.71,12.01,10.18,8.65,13.59,0.17,0.04,2.8,0.08
S00686,BASALT,51.0,0.68,13.16,11.52,10.1,9.85,0.21,0.69,1.37,0.06
S00687,BASALT,50.14,0.66,13.09,11.51,10.26,10.44,0.19,0.04,2.05,0.06
S00688,BASALT,50.94,0.67,13.15,11.28,10.48,9.45,0.19,0.12,2.15,0.06
S00689,BASALT,50.77,0.75,13.94,12.6,9.43,7.28,0.23,0.09,3.56,0.07
S00690,BASALT,51.2,0.72,14.03,11.81,9.99,8.57,0.2,0.16,1.83,0.06
S00691,BASALT,50.97,0.63,13.26,11.33,9.96,10.27,0.2,0.06,2.01,0.05
S00692,BASALT,47.85,0.49,9.83,12.49,8.02,18.47,0.22,0.04,0.69,0.05
S00693,BASALT,50.04,0.58,11.78,12.07,9.12,13.25,0.2,0.06,1.16,0.05
S00694,BASALT,47.38,0.54,11.04,11.53,11.29,14.99,0.2,0.04,1.31,0.05
S00695,BASALT,51.42,0.59,12.15,11.74,9.13,11.27,0.19,0.45,1.53,0.06
S00696,KOMATIITE,50.33,0.73,13.35,11.75,10.45,9.18,0.23,0.35,2.46,0.06
S00697,KOMATIITE,51.39,0.74,14.19,12.12,8.8,7.5,0.23,0.99,2.72,0.07
S00698,KOMATIITE,51.15,0.58,13.87,9.45,11.44,9.07,0.2,0.78,2.45,0.06
S00699,THOLEIITE,50.05,1.48,13.32,14.69,7.62,6.44,0.18,0.32,4.1,0.14
S00700,THOLEIITE,51.17,1.12,9.61,11.42,11.88,10.25,0.18,0.05,3.18,0.1
S00701,THOLEIITE,49.39,1.22,14.37,13.61,10.74,5.9,0.22,0.43,2.92,0.1
S00702,THOLEIITE,49.9,1.6,14.61,13.5,7.58,5.73,0.17,0.15,4.75,0.15
S00704,BASALT,53.02,1.91,14.76,12.34,5.76,4.7,0.27,0.22,5.37,0.18
S00708,BASALT,49.3,1.23,17.0,10.44,5.37,7.54,0.2,0.43,3.08,0.07
S00710,BASALT,49.2,0.69,11.7,10.44,9.67,10.9,0.21,0.02,2.94,0.07
S00711,BASALT,47.7,0.61,16.2,10.44,12.9,6.48,0.2,0.15,2.96,0.07
S00713,KOMATIITE,45.4,0.39,7.5,12.9,7.4,25.1,0.28,0.255,0.73,0.07
S00714,BASALT,48.4,0.45,14.6,9.9,9.9,10.5,0.15,0.05,2.13,0.09
S00717,BASALT,50.5,0.85,16.6,6.85,11.6,5.82,0.22,0.64,3.16,0.16
S00727,BASALT,50.5,1.74,13.9,11.79,11.2,5.0,0.19,0.25,2.97,0.1
S00728,BASALT,49.2,0.85,14.6,10.08,13.7,6.38,0.19,0.16,1.86,0.05
S00732,BASALT,47.97,0.29,9.31,10.36,7.76,23.5,0.19,0.02,0.01,0.03
S00733,KOMATIITE,47.81,0.25,8.43,10.39,7.26,24.75,0.17,0.0,0.0,0.0
S00735,BASALT,54.3,0.65,13.27,9.43,6.45,12.17,0.16,0.01,3.32,0.09
S00736,BASALT,51.5,0.64,10.18,12.36,7.08,15.78,0.18,0.01,1.97,0.05
S00737,BASALT,53.0,0.53,10.69,9.35,7.94,15.96,0.17,0.01,2.01,0.06
S00738,KOMATIITE,48.93,0.56,10.68,11.85,2.5,17.1,0.21,0.0,0.05,0.0
S00739,KOMATIITE,47.1,0.51,10.35,11.63,8.17,19.58,0.23,0.13,0.86,0.0
S00741,THOLEIITE,47.8,0.27,17.5,9.0,8.29,11.4,0.19,0.8,2.4,0.02
S00742,THOLEIITE,47.9,0.44,18.8,9.09,10.7,9.3,0.19,0.2,2.1,0.03
S00743,THOLEIITE,49.1,0.47,17.7,8.91,11.7,8.4,0.16,0.255,1.2,0.03
S00745,THOLEIITE,55.8,0.77,11.5,13.5,6.98,5.7,0.27,0.1,3.1,0.07
S00747,THOLEIITE,57.1,0.83,11.9,12.69,9.29,4.6,0.2,0.1,2.0,0.08
S00749,THOLEIITE,50.4,0.99,13.8,15.21,6.89,4.7,0.27,0.2,4.3,0.1
S00750,THOLEIITE,53.3,0.89,13.4,13.05,8.46,4.9,0.25,0.1,3.2,0.09
S00756,ANDESITE,58.0,0.47,16.1,6.48,9.4,6.1,0.1,0.5,2.0,0.02
S00757,ANDESITE,53.1,0.42,14.4,7.38,11.1,9.8,0.2,0.1,1.7,0.02
S00758,ANDESITE,52.2,0.36,13.7,10.6,9.7,9.3,0.2,0.1,1.7,0.01
S00760,BASALT,49.0,0.44,14.5,8.6,10.7,7.0,0.2,0.3,1.8,0.09
S00761,BASALT,49.5,0.37,13.7,10.2,6.1,13.0,0.2,0.8,1.5,0.1
S00764,ANDESITE,53.9,0.57,16.1,6.66,9.1,7.6,0.1,0.9,1.8,0.07
S00765,BASALT,51.3,0.43,15.5,7.65,9.7,9.3,0.2,1.2,1.6,0.05
S00766,ANDESITE,54.8,0.42,14.9,7.74,8.7,7.4,0.2,0.2,2.8,0.02
S00767,BASALT,51.8,0.47,14.4,8.64,9.9,9.9,0.2,0.8,0.9,0.02
S00768,BASALT,51.3,0.37,13.6,9.7,8.2,11.3,0.2,0.1,1.9,0.01
S00769,BASALT,51.4,0.36,13.6,9.63,10.5,10.7,0.2,0.1,1.7,0.03
S00770,ANDESITE,56.1,0.45,17.6,5.04,10.3,6.5,0.1,0.2,2.7,0.04
S00772,BASALT,52.8,0.42,14.7,8.82,10.3,8.9,0.2,0.1,1.6,0.03
S00773,BASALT,52.6,0.44,13.6,9.27,9.1,9.8,0.2,0.5,1.7,0.03
S00775,BASALT,53.1,0.44,15.3,8.37,11.4,7.5,0.2,0.1,1.4,0.04
S00776,BASALT,52.4,0.46,14.9,9.81,10.0,8.7,0.2,0.1,1.7,0.04
S00778,BASALT,52.6,0.45,16.5,8.01,10.7,7.3,0.2,0.6,1.2,0.04
S00781,THOLEIITE,46.6,0.62,15.3,9.81,11.1,10.5,0.2,0.2,1.5,0.05
S00782,THOLEIITE,48.4,0.6,14.0,8.91,8.8,11.8,0.2,0.2,1.7,0.0
S00797,THOLEIITE,52.0,0.67,14.7,8.91,12.6,7.4,0.2,0.1,1.7,0.02
S00798,THOLEIITE,51.3,0.55,14.2,10.8,12.5,7.7,0.2,0.1,0.1,0.02
S00799,THOLEIITE,47.9,0.55,11.3,11.43,11.3,11.9,0.2,0.3,1.2,0.02
S00800,THOLEIITE,50.9,0.58,13.8,11.16,11.1,8.5,0.2,0.1,1.7,0.05
S00801,THOLEIITE,50.9,0.57,13.4,10.44,11.3,7.5,0.2,0.1,1.6,0.02
S00822,ANDESITE,59.9,0.6,13.9,7.2,5.9,6.1,0.1,1.1,4.2,0.2
S00837,BASALT,47.67,0.92,15.44,13.7,8.22,8.95,0.25,0.63,2.64,0.06
S00838,BASALT,49.65,0.94,14.71,9.83,14.06,5.35,0.19,0.03,4.06,0.06
S00839,BASALT,50.38,1.31,16.97,14.88,3.68,7.51,0.2,1.13,2.18,0.09
S00840,BASALT,48.04,0.93,15.03,12.38,13.54,5.75,0.24,0.29,2.38,0.05
S00848,BASALT,48.66,0.59,16.29,10.37,11.85,9.6,0.15,0.12,1.17,0.04
S00849,BASALT,49.95,0.57,18.02,9.48,8.09,8.57,0.27,0.05,3.9,0.04
S00850,BASALT,47.03,0.69,17.14,10.82,12.96,8.35,0.18,0.1,1.48,0.05
S00851,BASALT,48.35,0.89,16.43,11.23,10.61,7.67,0.19,1.11,2.2,0.07
S00852,BASALT,47.99,0.82,15.48,12.15,11.43,8.26,0.2,0.3,1.97,0.06
S00853,BASALT,49.82,0.6,16.61,11.9,10.33,7.71,0.28,0.0,1.38,0.05
S00854,BASALT,50.18,1.24,14.25,12.91,10.59,6.52,0.22,0.35,2.18,0.11
S00856,BASALT,52.34,0.8,16.69,10.01,9.12,5.15,0.22,0.53,4.0,0.04
S00857,BASALT,52.84,0.79,17.25,9.65,9.07,6.18,0.18,0.06,2.83,0.05
S00858,BASALT,49.83,0.94,14.64,12.62,10.49,7.55,0.21,0.46,1.78,0.09
S00859,ANDESITE,55.06,0.64,19.38,7.11,8.51,4.18,0.11,0.28,3.81,0.13
S00860,BASALT,46.58,1.43,17.76,12.79,9.7,6.97,0.17,0.21,2.84,0.14
S00861,ANDESITE,55.61,0.69,17.5,8.35,8.37,4.53,0.15,0.53,3.23,0.11
S00862,BASALT,51.98,0.45,17.75,8.84,10.02,4.41,0.29,0.05,5.2,0.03
S00869,BASALT,51.99,0.64,15.84,11.33,8.11,7.27,0.17,0.51,2.8,0.07
S00879,DACITE,70.14,0.42,12.35,7.24,2.82,0.82,0.15,0.5,4.7,0.06
S00880,DACITE,70.21,0.4,12.33,7.14,3.48,0.28,0.17,0.44,4.71,0.06
S00881,DACITE,71.72,0.56,11.25,6.81,2.92,0.98,0.13,0.64,4.12,0.1
S00882,RHYOLITE,73.19,0.53,11.09,6.1,2.34,0.52,0.14,0.63,4.67,0.11
S00883,BASALT,49.47,1.04,14.88,12.58,11.56,5.8,0.27,0.24,2.66,0.09
S00884,BASALT,49.61,0.99,14.95,12.54,12.12,5.4,0.21,0.17,2.52,0.08
S00885,BASALT,48.8,1.09,15.58,12.08,13.43,4.58,0.26,0.16,2.57,0.09
S00886,BASALT,49.26,0.99,15.31,12.04,12.26,5.9,0.22,0.17,2.42,0.08
S00888,BASALT,50.61,1.5,13.5,14.62,10.34,3.69,0.18,0.03,3.73,0.16
S00890,BASALT,48.78,1.01,11.3,12.9,13.19,8.7,0.22,0.42,1.98,0.06
S00891,BASALT,49.7,1.06,15.16,12.16,10.62,6.28,0.16,0.33,3.11,0.07
S00893,BASALT,47.4,1.5,14.03,16.21,10.38,4.59,0.29,0.24,3.43,0.13
S00894,BASALT,49.02,1.39,14.24,14.96,9.03,4.78,0.22,0.12,4.42,0.14
S00896,BASALT,52.02,1.56,14.28,14.92,5.69,4.32,0.2,0.54,4.64,0.17
S00897,BASALT,50.12,1.13,15.6,12.54,10.01,4.33,0.19,0.69,3.88,0.12
S00899,BASALT,50.28,1.16,16.22,13.68,6.85,5.43,0.16,0.23,4.32,0.14
S00900,BASALT,50.64,1.08,15.43,11.55,10.17,4.9,0.16,0.45,4.21,0.12
S00904,BASALT,50.93,1.58,14.66,14.0,8.51,3.09,0.22,0.55,4.75,0.15
S00906,KOMATIITE,45.6,0.4,7.95,11.39,7.6,25.0,0.2,0.02,0.01,0.07
S00907,KOMATIITE,44.99,0.45,9.26,11.99,7.54,23.7,0.23,0.04,0.1,0.04
S00908,KOMATIITE,45.4,0.45,9.3,11.43,9.03,22.4,0.19,0.05,0.01,0.07
S00909,KOMATIITE,46.95,0.52,10.1,11.43,9.5,18.9,0.2,0.01,0.76,0.07
S00910,BASALT,47.3,0.55,11.3,12.6,9.2,15.2,0.23,0.13,1.8,0.07
S00911,BASALT,49.6,0.64,13.0,11.79,10.9,10.6,0.19,0.06,1.8,0.07
S00912,BASALT,51.0,0.68,13.16,11.52,10.1,9.85,0.21,0.69,1.37,0.06
S00913,BASALT,51.6,0.65,12.9,11.43,10.3,9.5,0.19,0.18,1.79,0.07
S00914,BASALT,50.77,0.75,13.94,12.6,9.43,7.28,0.23,0.07,3.56,0.07
S00915,BASALT,50.63,0.63,13.2,10.17,10.2,9.8,0.21,0.15,3.54,0.06
S00916,BASALT,47.0,0.52,8.7,10.8,6.4,24.7,0.16,0.255,0.01,0.07
S00917,BASALT,47.8,0.64,10.4,11.52,8.2,17.9,0.2,0.02,1.6,0.07
S00918,BASALT,49.1,0.63,10.3,10.44,8.4,17.7,0.17,0.255,1.63,0.07
S00919,BASALT,50.0,0.6,9.9,9.81,9.8,16.6,0.16,0.255,1.5,0.07
S00920,BASALT,48.7,0.68,11.5,10.53,10.1,15.0,0.19,0.255,1.82,0.07
S00921,BASALT,50.9,0.72,12.0,10.35,7.6,13.9,0.17,0.255,2.9,0.07
S00922,BASALT,49.29,0.71,12.2,9.53,11.07,13.01,0.17,0.03,2.6,0.08
S00923,BASALT,45.85,0.49,9.36,11.76,10.85,19.26,0.24,0.03,0.18,0.05
S00924,BASALT,50.1,0.42,8.39,10.6,13.57,14.71,0.24,0.03,0.31,0.04
S00925,BASALT,46.68,0.55,10.84,12.27,10.23,16.35,0.2,0.06,1.16,0.05
S00926,BASALT,48.8,0.75,11.4,13.1,10.2,14.0,0.18,0.255,1.89,0.07
S00927,BASALT,52.49,0.6,11.66,11.1,7.84,11.89,0.17,0.03,3.3,0.02
S00928,BASALT,52.34,1.04,14.37,9.7,10.84,7.8,0.21,0.2,2.36,0.08
S00931,BASALT,46.6,0.83,14.5,10.44,10.5,9.29,0.2,0.17,1.7,0.05
S00932,BASALT,47.7,1.11,15.7,10.44,11.7,6.39,0.2,0.48,2.18,0.09
S00933,BASALT,48.1,1.02,15.8,10.89,9.86,9.97,0.18,0.1,1.56,0.07
S00934,BASALT,47.7,0.73,17.3,9.36,8.97,9.76,0.18,0.63,1.43,0.07
S00939,DACITE,65.3,0.89,12.1,8.28,3.06,1.15,0.11,0.29,5.2,0.07
S00940,DACITE,66.1,0.84,12.3,8.19,4.38,0.77,0.17,0.27,4.39,0.07
S00947,ANDESITE,54.54,0.82,15.04,7.34,4.49,5.97,0.18,0.58,4.3,0.07
S00949,GABBRO,44.12,1.49,12.34,12.73,9.64,4.06,0.18,0.06,2.7,0.07
S00952,BASALT,47.61,1.24,13.8,14.36,11.25,6.13,0.18,0.44,2.1,0.07
S00953,KOMATIITE,49.5,0.534,8.86,10.08,9.45,13.0,0.21,0.02,2.72,0.05
S00954,KOMATIITE,49.1,0.527,8.82,9.45,10.75,12.3,0.21,0.03,2.66,0.04
S00955,THOLEIITE,49.6,0.941,12.9,12.33,7.32,7.55,0.18,0.74,2.04,0.08
S00956,THOLEIITE,51.3,0.622,15.63,11.79,7.58,5.71,0.29,0.04,2.39,0.06
S00957,BASALT,52.56,0.64,12.83,12.09,8.55,10.85,0.17,0.03,1.64,0.03
S00958,BASALT,46.45,0.65,12.0,13.64,11.82,14.11,0.24,0.0,0.63,0.02
S00959,BASALT,50.2,0.71,15.8,11.2,10.7,8.34,0.2,0.32,2.24,0.04
S00960,BASALT,49.1,0.76,16.3,10.5,11.7,9.17,0.22,0.23,1.81,0.04
S00961,GABBRO,51.4,0.94,15.6,11.3,11.2,7.64,0.21,0.22,1.37,0.04
S00962,BASALT,51.6,1.06,14.8,12.2,10.3,7.58,0.18,0.21,1.9,0.07
S00964,BASALT,54.0,0.9,15.2,9.48,10.1,6.3,0.2,0.18,3.39,0.17
S00965,ANDESITE,56.6,0.91,16.7,8.27,8.07,5.24,0.13,0.98,2.71,0.15
S00970,BASALT,49.9,0.93,15.4,11.6,11.1,7.49,0.19,0.0,3.27,0.03
S00971,BASALT,49.4,1.07,15.7,12.2,11.7,8.3,0.22,0.0,1.15,0.05
S00973,ANDESITE,59.3,0.94,12.5,11.3,5.43,6.22,0.21,0.22,3.68,0.05
S00974,ANDESITE,59.4,0.82,17.8,6.88,4.3,5.22,0.13,0.76,4.39,0.13
S00975,ANDESITE,60.9,0.55,16.2,8.22,5.69,5.29,0.13,0.0,2.81,0.02
S00976,ANDESITE,54.9,0.91,15.3,9.97,7.22,6.38,0.17,0.57,4.41,0.08
S00977,ANDESITE,53.3,1.12,14.3,11.1,9.71,6.45,0.21,0.04,3.39,0.11
S00978,ANDESITE,55.6,1.41,13.9,12.6,9.86,3.02,0.2,0.35,2.48,0.19
S00979,ANDESITE,55.3,1.57,14.3,14.0,6.39,4.74,0.24,0.05,2.96,0.18
S00982,BASALT,50.2,1.87,14.7,14.3,8.65,5.61,0.18,0.27,3.36,0.19
S00987,DACITE,68.5,0.65,13.9,5.69,2.99,2.33,0.11,1.25,4.39,0.06
S00996,DACITE,64.6,0.67,16.1,5.61,1.96,4.33,0.1,0.78,5.6,0.1
S01001,BASALT,52.2,1.37,15.4,11.4,8.91,4.82,0.25,0.2,5.13,0.19
S01002,BASALT,51.7,1.53,15.1,12.6,10.2,6.86,0.2,0.06,1.35,0.09
S01003,BASALT,53.7,1.83,13.2,16.1,8.01,4.87,0.25,0.67,0.81,0.18
S01004,BASALT,46.3,0.72,17.4,11.0,12.1,9.96,0.2,0.0,2.02,0.01
S01006,BASALT,48.9,0.8,17.0,10.0,10.9,8.91,0.17,0.0,3.07,0.02
S01007,BASALT,47.6,0.83,18.2,10.2,12.5,7.89,0.17,0.02,2.27,0.03
S01009,BASALT,47.1,0.9,17.6,11.6,9.6,9.68,0.19,0.03,2.98,0.02
S01010,BASALT,48.8,1.09,17.3,11.2,13.8,5.24,0.21,0.03,2.13,0.04
S01012,ANDESITE,59.2,0.7,17.3,6.11,8.14,3.9,0.11,0.52,3.68,0.08
S01014,DACITE,66.4,0.77,13.7,8.53,1.77,1.91,0.11,1.21,5.25,0.06
S01015,RHYOLITE,74.5,0.62,11.0,4.7,2.4,1.0,0.1,0.51,5.08,0.04
S01017,RHYOLITE,74.0,0.63,11.0,6.13,1.62,0.6,0.11,1.11,4.64,0.04
S01018,RHYOLITE,71.0,0.4,11.9,7.27,3.54,0.85,0.13,0.81,3.82,0.03
S01019,RHYOLITE,71.6,0.72,12.0,6.96,2.36,1.55,0.11,0.15,4.21,0.13
S01020,RHYOLITE,72.0,0.66,11.5,7.23,2.18,0.98,0.11,0.13,3.94,0.08
S01021,RHYOLITE,72.7,0.65,11.3,7.37,2.51,0.69,0.12,0.49,2.97,0.07
S01023,RHYOLITE,74.1,0.65,12.0,4.08,2.42,0.66,0.11,0.54,5.29,0.08
S01030,GABBRO,53.3,0.54,20.2,6.47,9.77,3.56,0.1,0.27,3.34,0.14
S01031,ANDESITE,55.95,0.57,18.68,7.62,8.42,2.98,0.11,1.23,3.43,0.14
S01034,BASALT,51.6,0.99,12.6,11.4,9.6,8.43,0.19,0.93,1.9,0.09
S01035,ANDESITE,55.7,0.56,16.54,9.7,8.96,3.8,0.15,0.97,2.58,0.13
S01036,BASALT,52.4,0.52,11.9,9.12,8.88,12.1,0.18,0.06,2.7,0.04
S01037,ANDESITE,55.9,0.55,15.8,9.6,5.75,6.56,0.15,0.06,4.2,0.05
S01038,ANDESITE,52.5,0.96,14.4,9.23,8.96,7.67,0.15,0.17,3.9,0.09
S01044,GABBRO,50.26,0.64,18.37,10.7,10.81,5.17,0.18,0.55,2.8,0.08
S01046,ANDESITE,52.59,1.16,17.3,7.9,10.65,5.75,0.17,0.11,3.34,0.08
S01048,GABBRO,51.08,0.37,17.46,7.24,11.18,9.57,0.12,0.04,1.92,0.04
S01049,BASALT,46.44,0.59,9.85,12.44,9.3,16.17,0.22,0.06,0.85,0.05
S01050,ANDESITE,57.86,0.77,18.06,10.44,5.28,3.79,0.17,0.26,5.6,0.2
S01051,GABBRO,42.5,0.36,17.9,10.44,10.4,12.4,0.16,0.24,1.28,0.06
S01053,BASALT,45.7,0.49,9.91,10.44,8.01,18.1,0.21,0.07,1.46,0.06
S01054,THOLEIITE,51.0,0.7,12.8,10.44,9.06,9.89,0.15,0.55,2.3,0.09
S01055,THOLEIITE,51.3,0.76,13.0,10.44,8.32,8.42,0.17,0.28,3.8,0.1
S01059,BASALT,46.7,0.62,10.2,10.44,7.84,15.5,0.19,0.03,1.75,0.09
S01060,THOLEIITE,48.9,1.45,12.9,10.44,9.1,5.15,0.2,0.43,2.07,0.12
S01061,BASALT,47.3,0.72,13.1,10.44,12.1,10.4,0.19,0.1,1.51,0.09
S01062,BASALT,50.3,0.7,12.5,10.44,9.13,9.99,0.17,0.09,2.98,0.09
S01065,KOMATIITE,44.5,0.59,8.26,10.44,8.12,21.7,0.14,0.02,0.51,0.05
S01066,KOMATIITE,49.0,0.26,4.66,10.44,11.1,21.4,0.12,0.01,0.3,0.05
S01068,KOMATIITE,42.9,0.29,5.15,10.44,8.93,24.4,0.12,0.01,0.18,0.05
S01069,GABBRO,48.5,0.69,14.4,10.44,13.0,9.64,0.16,0.15,2.43,0.08
S01085,ANDESITE,56.36,0.96,17.4,7.95,6.97,4.73,0.15,0.3,3.79,0.15
S01108,DACITE,62.36,1.2,16.44,8.46,5.45,4.92,0.12,0.16,0.71,0.18
S01109,RHYOLITE,73.69,0.33,12.24,6.85,0.56,1.54,0.15,1.22,3.33,0.08
S01116,DACITE,62.3,0.9,14.98,8.25,5.37,4.38,0.2,0.89,2.57,0.16
S01122,RHYOLITE,73.26,0.29,11.95,4.83,3.6,0.77,0.12,0.94,4.15,0.07
S01136,KOMATIITE,47.84,0.58,8.29,11.54,10.5,18.12,0.23,0.21,0.92,0.03
S01138,KOMATIITE,52.14,0.76,12.89,10.39,9.71,9.77,0.19,0.255,2.48,0.07
S01141,KOMATIITE,41.8,0.51,6.5,10.44,11.8,23.7,0.18,0.15,0.34,0.04
S01142,KOMATIITE,40.2,0.64,8.0,10.44,10.9,23.7,0.21,0.06,0.43,0.03
S01143,KOMATIITE,41.6,0.6,8.0,10.44,10.1,23.6,0.21,0.1,0.47,0.03
S01144,KOMATIITE,43.6,0.53,6.9,10.44,10.1,23.8,0.2,0.19,0.38,0.02
S01154,THOLEIITE,51.57,1.51,13.35,15.04,6.23,5.62,0.24,0.1,3.99,0.09
S01155,THOLEIITE,48.47,0.83,16.51,10.85,9.4,7.61,0.2,0.02,2.23,0.06
S01156,THOLEIITE,51.83,1.05,15.02,11.1,9.46,6.83,0.23,0.16,1.81,0.06
S01158,ANDESITE,49.79,0.4,9.39,8.81,10.34,15.43,0.18,0.54,1.49,0.09
S01163,BASALT,47.13,0.83,9.26,11.42,9.34,15.71,0.19,0.02,1.12,0.05
S01164,BASALT,48.22,0.86,9.3,11.41,9.13,14.61,0.17,0.05,1.84,0.06
S01165,BASALT,45.56,0.7,7.86,11.62,9.73,18.12,0.18,0.01,0.36,0.05
S01166,BASALT,45.49,0.83,7.87,12.57,8.38,17.92,0.22,0.03,0.56,0.05
S01167,KOMATIITE,43.35,0.48,9.47,10.54,7.59,21.13,0.17,0.01,0.16,0.04
S01168,KOMATIITE,41.51,0.5,10.05,10.99,7.98,21.37,0.18,0.255,0.02,0.04
S01169,BASALT,47.45,0.92,15.06,12.48,8.73,8.21,0.23,0.03,3.29,0.06
S01170,BASALT,48.35,0.88,14.62,11.5,10.51,7.31,0.21,0.07,2.64,0.06
S01171,BASALT,46.24,0.88,14.79,11.65,12.67,7.36,0.2,0.255,1.37,0.06
S01172,BASALT,47.18,0.9,15.09,11.37,11.68,6.92,0.2,0.03,2.47,0.05
S01173,BASALT,47.27,0.66,14.87,10.55,8.94,9.41,0.2,0.4,1.96,0.04
S01174,BASALT,49.88,0.62,13.73,10.96,8.57,9.28,0.19,0.255,3.54,0.04
S01176,THOLEIITE,52.55,0.31,15.94,10.44,3.79,12.8,0.2,0.255,4.6,0.04
S01177,THOLEIITE,54.07,0.4,21.76,10.44,9.27,3.92,0.22,0.89,3.24,0.03
S01179,ANDESITE,53.61,1.25,16.1,10.44,8.6,5.03,0.17,0.66,2.78,0.16
S01182,KOMATIITE,43.6,0.28,6.9,10.7,7.2,24.8,0.19,0.09,0.66,0.07
S01183,KOMATIITE,45.6,0.46,8.4,10.44,8.1,20.6,0.19,0.03,0.46,0.07
S01184,KOMATIITE,48.3,0.62,10.8,10.44,10.0,13.9,0.18,0.0,2.24,0.07
S01185,KOMATIITE,47.2,0.43,11.9,10.44,9.9,12.6,0.2,0.01,1.9,0.07
S01186,KOMATIITE,50.4,0.57,12.0,10.44,11.1,10.2,0.17,0.28,0.56,0.07
S01188,THOLEIITE,48.6,1.51,12.0,10.44,9.4,4.67,0.21,0.05,4.6,0.07
S01191,KOMATIITE,40.8,0.25,10.0,10.44,6.86,23.3,0.16,0.07,0.23,0.02
S01195,KOMATIITE,43.9,0.46,11.1,9.63,12.1,21.2,0.24,0.255,2.11,0.03
S01196,KOMATIITE,44.1,0.43,9.5,11.61,9.78,22.7,0.2,0.255,2.11,0.02
S01197,KOMATIITE,45.1,0.38,8.4,10.53,8.63,25.2,0.17,0.255,2.11,0.03
S01198,BASALT,50.3,0.55,11.7,10.44,11.2,12.6,0.22,0.75,0.97,0.04
S01199,BASALT,50.5,0.64,14.6,11.07,10.2,8.4,0.18,1.06,2.06,0.05
S01200,BASALT,47.8,0.56,12.7,11.61,11.6,12.5,0.22,1.1,0.36,0.04
S01201,BASALT,47.9,0.56,12.0,11.34,13.7,12.2,0.21,0.74,0.01,0.04
S01204,BASALT,49.2,0.44,10.2,10.8,11.6,14.7,0.22,0.74,0.73,0.03
S01209,BASALT,49.58,0.57,17.11,9.16,11.27,8.38,0.13,0.04,0.2,0.04
S01236,BASALT,50.79,0.66,15.88,10.42,10.93,7.72,0.17,0.19,2.07,0.06
S01237,BASALT,49.95,1.03,15.11,11.64,11.44,6.99,0.2,0.11,2.03,0.07
S01238,BASALT,48.67,0.54,12.87,10.77,11.4,11.54,0.25,0.27,1.48,0.03
S01240,KOMATIITE,44.52,0.59,14.35,12.09,9.06,14.91,0.22,0.15,1.41,0.04
S01242,BASALT,53.5,0.77,14.13,12.01,8.37,5.35,0.2,0.4,3.05,0.09
S01243,BASALT,49.33,0.46,12.6,14.17,10.23,8.05,0.28,0.27,2.58,0.01
S01244,BASALT,48.61,0.74,15.4,10.73,13.08,6.99,0.21,0.62,1.77,0.05
S01245,BASALT,48.99,0.61,15.58,10.58,11.66,8.72,0.19,0.15,1.7,0.05
S01249,BASALT,49.27,0.85,15.38,10.82,11.56,7.82,0.18,0.49,1.65,0.06
S01251,BASALT,48.63,0.83,15.07,11.2,11.43,7.56,0.21,0.35,2.63,0.06
S01252,GABBRO,51.26,0.38,14.23,8.94,10.52,9.23,0.17,0.5,2.71,0.04
S01253,GABBRO,48.93,0.31,17.21,7.28,10.19,10.52,0.16,0.99,1.45,0.02
S01254,BASALT,46.47,0.73,15.21,10.57,13.03,8.95,0.18,0.72,1.35,0.05
S01255,BASALT,48.13,0.87,14.76,10.44,9.34,10.16,0.2,0.13,2.12,0.05
S01256,BASALT,50.32,0.87,14.22,10.44,7.0,9.88,0.22,0.08,2.92,0.06
S01257,BASALT,48.99,0.54,14.84,10.44,13.01,9.8,0.17,0.04,1.19,0.04
S01258,BASALT,51.05,0.59,15.12,10.44,12.01,7.71,0.18,0.1,2.73,0.04
S01259,BASALT,49.8,0.94,14.98,10.44,11.64,7.22,0.23,0.14,1.32,0.07
S01260,BASALT,49.49,1.18,14.97,10.44,10.39,6.46,0.16,0.14,2.9,0.05
S01261,BASALT,51.26,1.33,14.44,10.44,9.25,6.26,0.18,0.17,2.58,0.08
S01262,BASALT,50.92,1.01,15.33,10.44,9.64,6.11,0.18,0.15,2.69,0.06
S01263,BASALT,42.48,1.69,19.31,10.44,10.16,5.93,0.24,0.74,2.14,0.12
S01264,BASALT,53.43,1.23,15.5,10.44,5.68,5.89,0.18,0.39,3.8,0.12
S01265,BASALT,58.06,0.57,13.46,10.44,10.69,5.65,0.12,0.22,2.99,0.17
S01266,BASALT,47.82,1.14,17.07,10.44,11.42,5.56,0.19,0.14,2.7,0.07
S01267,BASALT,50.43,1.22,15.53,10.44,10.19,5.38,0.2,0.24,3.1,0.1
S01268,BASALT,49.35,1.57,15.03,10.44,10.87,5.05,0.29,0.07,2.71,0.13
S01269,BASALT,56.06,0.82,17.7,10.44,6.58,4.65,0.14,0.97,3.76,0.2
S01270,BASALT,51.75,1.16,16.24,10.44,10.29,4.54,0.18,0.24,1.89,0.1
S01271,BASALT,48.63,1.21,15.77,10.44,13.29,4.33,0.19,0.4,2.91,0.09
S01272,BASALT,52.26,1.57,14.89,10.44,11.75,3.49,0.24,0.38,2.41,0.14
S01274,BASALT,48.0,1.11,17.19,10.44,10.76,8.05,0.19,0.0,0.22,0.11
S01275,BASALT,49.57,0.92,15.61,10.44,8.58,7.67,0.23,0.05,3.27,0.07
S01276,BASALT,51.99,0.71,15.7,10.44,10.61,6.67,0.24,0.0,1.72,0.05
S01279,KOMATIITE,52.4,0.28,5.23,9.47,10.9,21.7,0.19,0.05,0.12,0.02
S01282,KOMATIITE,44.4,0.58,9.27,13.33,8.37,22.8,0.16,0.19,0.0,0.05
S01283,BASALT,53.6,1.88,13.63,12.7,9.78,4.17,0.28,0.35,2.12,0.15
S01284,BASALT,51.6,1.84,12.95,14.26,8.13,4.3,0.23,0.28,3.4,0.17
S01286,GABBRO,48.3,1.73,14.19,15.18,8.77,5.27,0.2,0.54,3.29,0.09
S01288,GABBRO,44.3,1.98,17.4,16.11,10.6,2.72,0.17,0.22,2.12,0.18
S01289,GABBRO,49.6,1.11,14.2,11.52,12.1,7.79,0.21,0.1,1.9,0.13
S01292,BASALT,55.1,0.93,16.4,6.21,6.44,3.42,0.1,1.22,3.65,0.16
S01293,BASALT,49.6,1.23,14.5,14.4,8.18,5.14,0.25,0.15,3.44,0.1
S01294,BASALT,48.5,1.28,13.3,14.49,8.78,5.57,0.26,0.15,3.07,0.1
S01295,GABBRO,46.4,0.2,15.4,9.0,6.54,12.0,0.13,0.42,1.95,0.02
S01296,GABBRO,46.9,0.16,21.3,4.86,11.55,8.46,0.11,0.34,1.48,0.02
S01302,DACITE,64.52,0.54,15.83,10.44,4.11,2.74,0.18,1.08,4.27,0.12
S01306,RHYOLITE,74.51,0.3,14.75,10.44,1.51,0.81,0.18,1.19,4.87,0.07
S01308,BASALT,50.29,1.34,16.9,10.44,4.15,7.29,0.15,0.09,4.41,0.2
S01309,BASALT,50.39,0.98,13.77,10.44,9.0,7.34,0.2,0.76,2.8,0.07
S01311,BASALT,52.97,1.11,14.17,10.44,4.39,8.43,0.14,0.45,3.74,0.17
S01312,BASALT,53.62,1.21,18.76,10.44,7.77,3.42,0.13,0.22,2.89,0.19
S01313,BASALT,53.7,1.09,16.56,10.44,8.42,4.93,0.15,0.06,4.55,0.2
S01314,BASALT,55.37,0.88,15.91,10.44,7.66,5.29,0.15,0.44,2.59,0.15
S01316,BASALT,56.26,0.76,15.91,10.44,8.05,4.93,0.14,0.43,4.26,0.13
S01317,BASALT,60.89,0.94,14.21,10.44,6.44,3.38,0.14,0.34,2.11,0.14
S01318,THOLEIITE,50.15,0.72,14.74,10.44,10.68,8.46,0.13,0.51,1.87,0.04
S01322,ANDESITE,52.77,1.13,16.31,10.44,12.67,3.99,0.18,0.0,0.35,0.16
S01323,ANDESITE,60.8,1.17,13.85,10.44,8.38,3.52,0.18,0.0,1.78,0.15
S01325,ANDESITE,39.42,1.7,17.83,10.44,10.7,7.26,0.18,0.0,0.37,0.2
S01326,ANDESITE,65.76,1.09,12.95,10.44,7.33,2.58,0.18,0.0,2.9,0.12
S01328,ANDESITE,51.44,1.35,15.18,10.44,4.95,9.94,0.18,0.0,0.33,0.11
S01329,ANDESITE,62.26,0.85,13.81,10.44,8.85,4.5,0.18,0.0,1.63,0.06
S01332,DACITE,69.57,1.39,11.04,9.01,4.77,1.77,0.18,0.07,2.21,0.07
S01335,DACITE,58.04,2.04,12.24,14.17,10.25,1.5,0.18,0.05,1.38,0.07
S01340,ANDESITE,58.63,0.77,13.1,10.44,9.94,7.06,0.18,0.05,1.76,0.05
S01348,RHYOLITE,69.4,0.85,14.73,4.18,3.77,1.43,0.13,0.08,4.8,0.07
S01353,RHYOLITE,69.97,0.68,13.7,5.45,1.64,2.43,0.13,0.46,3.94,0.07
S01354,RHYOLITE,62.4,1.03,15.26,9.78,2.46,3.01,0.22,0.18,4.2,0.07
S01355,KOMATIITE,45.2,0.3,9.3,11.5,8.4,24.8,0.18,0.1,0.2,0.07
S01359,KOMATIITE,44.2,0.26,7.12,11.3,7.39,25.1,0.2,0.06,0.8,0.07
S01360,KOMATIITE,41.1,0.42,8.74,12.8,8.76,22.1,0.2,0.01,0.11,0.07
S01362,KOMATIITE,45.6,0.46,8.4,10.44,8.1,20.6,0.19,0.03,0.46,0.07
S01363,KOMATIITE,48.3,0.62,10.8,10.44,10.0,13.9,0.18,0.0,2.24,0.07
S01364,KOMATIITE,47.2,0.43,11.9,10.44,9.9,12.6,0.2,0.01,1.91,0.07
S01365,KOMATIITE,50.4,0.57,12.0,10.44,11.1,10.2,0.17,0.28,0.56,0.07
S01366,KOMATIITE,51.2,0.8,13.9,10.44,10.8,7.5,0.17,0.02,1.77,0.07
S01367,BASALT,48.6,1.51,12.0,10.44,9.4,4.67,0.21,0.05,4.6,0.07
S01379,ANDESITE,51.5,1.49,16.5,9.91,7.53,6.18,0.12,0.51,2.38,0.07
S01380,ANDESITE,47.4,1.27,14.7,15.88,9.32,6.08,0.19,0.12,2.46,0.07
S01381,ANDESITE,57.9,0.88,10.0,11.61,7.75,4.7,0.16,0.12,1.22,0.07
S01382,BASALT,53.7,1.49,14.1,14.45,7.19,3.7,0.25,0.1,3.69,0.07
S01383,BASALT,45.0,0.54,10.3,11.2,9.0,17.9,0.19,0.09,0.79,0.07
S01384,BASALT,44.8,0.9,12.9,12.9,13.3,8.57,0.22,0.11,0.42,0.07
S01385,BASALT,46.6,0.5,13.3,7.85,14.9,9.28,0.16,0.15,1.06,0.07
S01386,BASALT,49.5,0.79,10.7,12.9,10.5,7.8,0.21,0.17,2.7,0.07
S01387,ANDESITE,54.7,0.88,12.4,7.48,10.8,4.08,0.11,0.25,2.12,0.07
S01388,ANDESITE,60.6,0.93,11.0,10.2,7.1,3.04,0.13,0.36,2.83,0.07
S01390,BASALT,47.8,0.81,16.9,13.4,10.4,9.43,0.21,0.19,0.91,0.07
S01391,BASALT,49.9,0.95,14.0,13.8,9.68,7.64,0.22,0.24,1.59,0.07
S01392,BASALT,49.3,0.69,13.2,11.1,10.5,8.48,0.21,0.68,1.3,0.07
S01393,ANDESITE,53.1,1.04,11.0,13.5,9.0,7.12,0.2,0.17,1.38,0.07
S01394,DACITE,65.2,0.89,11.2,8.9,5.58,1.74,0.11,0.35,2.44,0.07
S01399,BASALT,49.0,1.83,15.1,12.56,8.38,4.81,0.22,0.12,3.48,0.07
S01400,ANDESITE,54.2,1.04,15.9,7.83,8.28,4.18,0.13,0.18,4.57,0.07
S01404,BASALT,48.1,0.26,18.7,12.52,5.91,6.75,0.14,0.13,0.47,0.07
S01406,BASALT,51.6,1.08,17.5,8.85,8.63,4.31,0.14,0.2,2.96,0.07
S01407,ANDESITE,53.3,1.25,17.1,8.3,5.45,4.18,0.1,0.09,4.88,0.07
S01408,ANDESITE,55.2,1.11,16.6,8.6,3.08,5.22,0.16,0.79,3.99,0.07
S01409,ANDESITE,58.9,0.98,14.1,7.87,6.05,3.85,0.1,0.56,3.59,0.07
S01412,GABBRO,49.1,1.92,12.2,10.44,6.9,3.8,0.22,0.4,4.2,0.07
S01413,GABBRO,46.8,1.7,13.6,10.44,11.1,6.0,0.19,0.52,2.37,0.07
S01414,GABBRO,63.75,0.9,14.4,10.44,4.45,2.75,0.15,0.88,4.93,0.07
S01416,GABBRO,56.25,1.65,14.3,10.44,2.8,2.85,0.17,0.23,4.37,0.07
S01417,GABBRO,56.6,1.42,12.8,10.44,4.8,2.0,0.2,0.66,4.08,0.07
S01418,GABBRO,53.1,0.6,4.58,10.44,16.6,12.8,0.21,0.255,1.19,0.07
S01419,GABBRO,44.11,1.38,12.4,10.44,11.65,6.74,0.21,0.53,1.91,0.07
S01420,GABBRO,53.2,1.65,13.1,10.44,6.2,2.9,0.25,0.34,3.62,0.07
S01421,GABBRO,60.5,1.0,14.4,10.44,6.25,2.7,0.18,0.73,4.37,0.07
S01422,GABBRO,52.7,1.6,13.25,10.44,7.3,3.55,0.2,0.26,4.08,0.07
S01423,GABBRO,51.8,1.45,13.2,10.44,5.85,2.5,0.22,0.43,3.7,0.07
S01424,GABBRO,52.9,1.45,13.5,10.44,5.95,2.6,0.24,0.15,4.11,0.07
S01426,GABBRO,49.7,1.8,12.75,10.44,10.3,5.05,0.2,0.21,4.0,0.07
S01427,GABBRO,48.8,1.16,8.95,10.44,12.5,10.5,0.17,0.08,1.03,0.07
S01428,ANDESITE,54.33,0.66,17.14,10.44,6.79,5.75,0.11,0.1,4.5,0.12
S01431,ANDESITE,53.35,1.24,13.93,12.32,7.06,6.96,0.18,0.08,2.22,0.2
S01432,ANDESITE,55.56,1.03,13.97,10.35,9.95,3.93,0.18,0.15,3.0,0.12
S01435,BASALT,50.5,0.69,15.9,10.68,11.58,5.91,0.18,0.09,2.27,0.15
S01436,BASALT,52.87,1.75,15.4,11.6,7.6,5.51,0.18,0.01,4.51,0.18
S01438,BASALT,50.3,1.82,15.61,12.38,13.97,2.12,0.18,0.71,1.44,0.15
S01439,BASALT,56.43,1.29,11.91,10.88,6.92,7.67,0.18,0.02,3.33,0.12
S01441,KOMATIITE,44.99,0.46,8.86,10.44,8.61,22.87,0.21,0.02,0.85,0.06
S01442,KOMATIITE,45.4,0.52,8.72,10.44,8.86,23.33,0.21,0.13,0.96,0.06
S01443,KOMATIITE,48.12,0.52,9.92,10.44,8.76,19.1,0.23,0.06,1.07,0.08
S01444,KOMATIITE,45.29,0.55,10.49,10.44,8.65,20.73,0.21,0.03,0.97,0.07
S01445,BASALT,49.89,0.61,12.74,10.44,9.82,12.11,0.23,0.12,3.16,0.08
S01446,BASALT,46.5,0.62,12.87,10.44,7.85,15.03,0.27,0.21,2.62,0.08
S01447,BASALT,50.03,0.57,8.7,10.44,9.27,15.07,0.27,0.04,2.3,0.06
S01448,BASALT,51.65,0.65,13.44,10.44,10.95,10.08,0.17,0.8,1.84,0.09
S01449,BASALT,50.07,0.69,14.02,10.44,9.31,10.75,0.2,0.68,2.25,0.08
S01450,BASALT,48.12,0.58,10.74,10.44,9.1,17.38,0.22,0.1,1.7,0.06
S01451,BASALT,52.11,0.63,13.4,10.44,8.82,10.91,0.16,0.44,2.47,0.07
S01452,BASALT,50.36,0.56,10.86,10.44,7.46,15.75,0.2,0.13,2.82,0.07
S01453,THOLEIITE,54.99,0.73,15.03,10.44,9.45,6.83,0.2,0.08,4.76,0.09
S01454,THOLEIITE,52.75,0.7,14.79,10.44,10.18,8.64,0.14,0.23,2.27,0.08
S01455,THOLEIITE,52.45,0.68,13.69,10.44,10.7,9.39,0.18,0.4,2.42,0.08
S01456,THOLEIITE,52.32,0.73,14.82,10.44,10.62,7.76,0.19,0.27,2.26,0.09
S01457,THOLEIITE,51.97,0.69,14.69,10.44,9.66,8.26,0.18,0.97,3.11,0.08
S01458,THOLEIITE,53.37,0.77,14.49,10.44,7.61,7.07,0.2,0.25,4.84,0.1
S01459,THOLEIITE,57.01,0.65,13.91,10.44,9.38,7.14,0.15,0.09,4.54,0.08
S01461,THOLEIITE,50.17,1.48,12.41,10.44,8.82,7.13,0.27,0.07,3.9,0.13
S01465,THOLEIITE,50.11,1.62,16.09,10.44,10.64,5.03,0.27,0.16,2.16,0.16
S01466,THOLEIITE,50.95,1.49,11.99,10.44,9.23,7.26,0.27,0.06,3.58,0.14
S01469,BASALT,50.0,0.85,12.41,10.82,10.1,12.0,0.2,0.7,1.51,0.17
S01471,BASALT,50.14,1.45,13.04,14.14,11.71,5.52,0.26,0.86,1.27,0.14
S01472,KOMATIITE,48.22,1.45,9.24,10.44,11.91,6.18,0.23,0.06,2.41,0.1
S01473,KOMATIITE,49.37,1.15,6.05,10.44,14.28,11.88,0.25,0.22,0.55,0.09
S01475,KOMATIITE,50.32,0.86,15.22,10.44,5.45,2.79,0.25,0.32,5.2,0.15
S01476,KOMATIITE,45.59,1.44,7.86,10.44,13.14,6.54,0.27,0.16,1.72,0.1
S01478,KOMATIITE,49.42,0.62,12.78,10.95,11.22,11.6,0.18,0.08,2.06,0.05
S01479,KOMATIITE,45.85,0.49,9.36,11.76,10.85,19.26,0.24,0.03,0.18,0.05
S01480,KOMATIITE,49.88,0.6,11.94,11.72,10.41,12.06,0.19,0.15,1.8,0.05
S01481,KOMATIITE,46.68,0.55,10.84,12.27,10.23,16.35,0.2,0.06,1.16,0.05
S01482,KOMATIITE,49.18,0.59,11.98,12.15,8.72,14.0,0.23,0.12,1.42,0.05
S01484,BASALT,51.02,0.61,12.2,10.44,8.5,12.2,0.19,0.09,3.39,0.07
S01485,KOMATIITE,52.05,0.88,14.43,10.06,10.54,7.51,0.17,0.09,3.09,0.09
S01486,KOMATIITE,52.3,0.564,9.36,9.54,9.99,13.7,0.222,0.021,2.87,0.053
S01488,THOLEIITE,53.6,0.596,16.2,10.17,9.11,6.72,0.21,0.031,1.66,0.073
S01489,KOMATIITE,52.6,1.23,14.4,9.99,11.7,4.23,0.262,0.098,3.9,0.109
S01490,THOLEIITE,56.4,1.45,15.7,9.09,6.95,4.78,0.217,0.237,3.72,0.134
S01492,THOLEIITE,49.9,0.527,8.58,10.71,10.5,16.1,0.288,0.011,1.62,0.053
S01494,BASALT,47.5,0.81,15.3,11.25,12.6,7.0,0.19,0.1,1.51,0.06
S01495,BASALT,48.7,0.83,15.1,10.98,12.2,7.36,0.19,0.18,1.59,0.07
S01496,BASALT,52.32,1.15,13.54,11.9,10.99,6.31,0.23,0.17,1.92,0.12
S01497,BASALT,51.35,0.74,14.7,10.06,10.01,9.78,0.13,0.12,1.9,0.06
S01498,BASALT,51.5,1.25,13.6,13.86,9.3,6.1,0.2,0.2,2.3,0.12
S01500,BASALT,52.15,1.62,14.36,11.91,8.84,6.48,0.16,0.52,2.45,0.17
S01501,BASALT,52.83,1.13,15.5,10.19,9.83,5.06,0.22,0.75,3.27,0.07
S01502,KOMATIITE,49.25,1.11,5.99,13.41,10.28,17.5,0.23,0.09,0.66,0.07
S01503,BASALT,49.46,1.24,15.28,13.21,10.66,6.18,0.2,0.15,2.08,0.08
S01504,BASALT,50.68,0.86,15.36,10.96,11.67,6.26,0.18,0.72,2.03,0.06
S01505,BASALT,49.2,0.73,14.3,12.15,11.3,8.05,0.21,0.09,1.71,0.07
S01506,BASALT,48.6,0.81,15.6,12.42,11.0,6.66,0.22,0.13,1.74,0.04
S01508,ANDESITE,57.5,0.98,14.8,7.18,6.18,3.72,0.16,0.21,4.36,0.18
S01509,BASALT,46.8,0.67,14.9,10.8,9.83,7.6,0.18,0.02,0.29,0.07
S01510,BASALT,46.5,0.59,12.2,10.8,9.49,14.0,0.2,0.02,1.2,0.06
S01511,BASALT,49.7,0.69,13.8,9.63,10.3,7.78,0.19,0.33,3.41,0.19
S01513,KOMATIITE,43.4,0.35,7.95,9.81,7.0,22.1,0.19,0.04,0.69,0.04
S01523,GABBRO,46.0,0.09,20.9,4.41,13.2,8.86,0.1,0.26,0.95,0.01
S01524,KOMATIITE,48.22,0.52,9.86,11.32,6.29,18.43,0.22,0.19,1.08,0.05
S01525,KOMATIITE,45.42,0.45,9.9,11.57,8.21,21.72,0.17,0.05,0.38,0.02
S01526,KOMATIITE,46.8,0.51,7.57,12.08,8.31,19.89,0.24,0.05,0.98,0.02
S01527,BASALT,51.28,0.59,10.66,10.23,8.07,14.99,0.21,0.15,2.14,0.07
S01528,KOMATIITE,46.72,0.46,7.41,11.48,7.92,23.53,0.26,0.1,0.25,0.02
S01529,KOMATIITE,48.43,0.68,10.61,11.55,10.52,14.43,0.2,0.23,1.76,0.06
S01530,KOMATIITE,47.17,0.5,7.58,11.5,9.22,21.7,0.25,0.14,0.19,0.03
S01532,BASALT,51.6,0.88,17.7,11.07,13.81,3.18,0.16,0.25,0.63,0.07
S01533,BASALT,48.52,0.96,16.07,10.94,12.67,7.87,0.18,0.02,1.47,0.08
S01534,BASALT,49.64,0.99,15.5,12.17,11.03,7.71,0.22,0.14,1.19,0.06
S01535,BASALT,49.68,1.59,13.78,13.88,9.68,6.92,0.23,0.21,2.35,0.13
S01538,BASALT,51.13,1.98,13.47,14.97,8.17,5.8,0.2,0.04,2.45,0.12
S01541,BASALT,50.49,1.77,14.47,14.18,8.14,4.45,0.19,0.06,4.5,0.16
S01551,RHYOLITE,73.4,0.275,12.2,4.41,2.5,2.1,0.1,0.7,3.7,0.02
S01566,BASALT,56.74,0.96,17.08,10.44,7.36,4.09,0.13,0.8,4.14,0.05
S01567,BASALT,52.45,1.05,16.44,10.44,8.56,6.74,0.13,0.47,2.25,0.04
S01569,ANDESITE,61.71,0.67,14.57,10.44,4.08,4.71,0.11,0.53,5.04,0.04
S01573,BASALT,50.36,0.95,13.99,10.44,11.48,8.13,0.19,0.19,1.39,0.04
S01589,ANDESITE,59.03,0.91,12.61,8.82,6.57,2.12,0.12,0.11,4.64,0.2
S01603,DACITE,65.19,0.89,12.65,9.3,3.33,1.57,0.1,0.55,4.46,0.2
S01618,ANDESITE,54.59,0.86,16.19,8.23,8.71,4.93,0.15,0.72,1.86,0.14
S01649,RHYOLITE,67.35,0.33,10.23,5.32,5.96,0.75,0.19,1.05,3.1,0.07
S01654,RHYOLITE,72.92,0.26,12.6,4.39,0.97,0.83,0.13,1.22,4.98,0.04
S01656,RHYOLITE,72.83,0.26,11.55,6.41,1.05,1.01,0.22,0.22,4.32,0.04
S01669,ANDESITE,55.75,1.03,16.33,8.13,6.37,4.76,0.13,1.13,5.09,0.14
S01688,THOLEIITE,49.01,1.51,16.11,14.59,8.38,4.03,0.21,0.71,3.95,0.19
S01689,THOLEIITE,51.58,1.29,15.86,11.77,9.7,4.98,0.26,0.21,3.33,0.1
S01690,THOLEIITE,52.8,1.34,15.66,10.59,10.56,4.83,0.21,0.21,3.02,0.1
S01691,THOLEIITE,50.66,1.6,14.91,14.92,8.82,4.12,0.25,0.28,2.42,0.18
S01693,THOLEIITE,47.54,1.17,15.87,12.89,10.63,7.56,0.19,0.09,3.02,0.09
S01694,THOLEIITE,50.36,1.26,16.97,11.36,11.75,4.56,0.17,0.27,2.47,0.11
S01695,THOLEIITE,52.37,1.46,14.33,12.66,9.53,6.21,0.18,0.15,2.04,0.14
S01696,THOLEIITE,48.63,1.26,14.98,13.39,11.9,6.19,0.26,0.17,1.98,0.1
S01697,THOLEIITE,51.0,1.37,15.05,12.84,9.15,7.15,0.19,0.13,2.24,0.12
S01698,THOLEIITE,50.1,1.36,15.19,13.0,8.58,7.37,0.19,0.15,3.15,0.12
S01700,THOLEIITE,50.04,1.257,13.95,13.91,9.16,6.1,0.2,0.18,3.05,0.106
S01701,THOLEIITE,49.08,1.15,15.06,13.23,9.95,6.44,0.22,0.16,2.64,0.1
S01702,THOLEIITE,45.57,1.12,14.79,13.94,10.69,8.68,0.22,0.2,2.41,0.09
S01703,THOLEIITE,47.58,1.1,15.5,13.74,10.05,7.16,0.23,0.16,2.85,0.09
S01704,THOLEIITE,46.3,0.79,15.63,12.17,12.73,7.83,0.26,0.12,1.86,0.07
S01705,THOLEIITE,53.27,0.68,14.94,8.49,11.92,6.99,0.21,0.34,1.83,0.08
S01706,THOLEIITE,48.61,1.09,14.35,12.25,10.51,6.93,0.22,0.48,1.86,0.06
S01707,THOLEIITE,53.33,1.0,15.14,8.47,9.81,6.78,0.18,0.46,1.79,0.07
S01708,THOLEIITE,53.32,1.44,16.28,9.82,8.44,5.11,0.26,0.78,2.34,0.08
S01709,THOLEIITE,49.05,0.81,13.54,12.44,10.23,7.02,0.21,0.47,2.11,0.05
S01710,THOLEIITE,49.74,1.21,14.32,14.48,9.06,6.98,0.2,0.43,3.05,0.08
S01711,THOLEIITE,49.02,0.88,14.37,11.77,10.93,7.32,0.21,0.18,2.61,0.07
S01712,BASALT,48.06,1.04,13.86,12.94,12.22,6.92,0.23,0.03,2.03,0.08
S01713,BASALT,51.71,1.56,12.98,14.34,7.59,5.03,0.28,0.11,4.51,0.14
S01714,BASALT,49.45,1.39,12.62,14.77,10.08,5.95,0.26,0.37,2.2,0.11
S01716,BASALT,53.05,1.72,14.24,12.81,9.3,3.86,0.26,0.24,2.93,0.15
S01718,RHYOLITE,73.68,0.41,10.95,5.08,2.77,0.76,0.14,0.72,4.85,0.07
S01719,BASALT,54.43,0.74,14.66,8.31,10.01,6.97,0.19,0.45,3.23,0.08
S01720,BASALT,50.78,1.04,14.55,12.53,8.9,6.28,0.27,0.28,3.88,0.08
S01721,BASALT,50.42,1.51,13.0,15.0,8.02,5.83,0.17,0.1,4.13,0.15
S01722,BASALT,49.07,1.89,19.33,12.17,7.42,3.46,0.27,0.28,4.61,0.16
S01727,BASALT,46.49,0.51,10.05,11.62,15.29,14.15,0.21,0.01,0.32,0.05
S01728,BASALT,51.98,0.73,12.3,10.6,8.62,10.64,0.21,0.05,3.61,0.07
S01729,BASALT,50.77,0.66,12.74,12.39,8.52,10.1,0.24,0.74,2.39,0.06
S01730,BASALT,50.33,0.62,12.35,11.02,12.45,9.18,0.22,0.19,2.37,0.05
S01732,BASALT,47.88,0.84,16.79,11.12,11.22,8.32,0.18,0.05,2.31,0.05
S01737,BASALT,53.8,1.3,13.0,13.14,8.3,5.9,0.2,0.3,2.5,0.12
S01738,BASALT,51.6,1.3,14.2,13.68,7.8,6.6,0.2,0.2,2.8,0.13
S01740,BASALT,52.0,1.0,14.3,12.06,9.0,6.8,0.2,0.2,3.0,0.09
S01741,BASALT,52.0,1.0,14.3,12.06,9.0,6.8,0.2,0.2,3.0,0.09
S01742,BASALT,51.1,1.2,13.8,13.86,9.3,6.0,0.2,0.5,2.3,0.1
S01743,BASALT,50.0,1.3,14.6,14.67,7.7,6.8,0.2,0.1,2.7,0.12
S01744,BASALT,51.3,1.3,13.9,14.4,8.6,6.3,0.2,0.3,1.9,0.13
S01745,BASALT,51.3,0.9,14.3,11.52,9.8,7.3,0.2,0.1,3.1,0.08
S01746,BASALT,50.8,1.1,14.5,13.23,9.0,6.8,0.2,0.5,2.3,0.1
S01747,BASALT,50.8,0.8,14.8,9.72,11.3,8.6,0.1,0.8,1.9,0.06
S01748,BASALT,54.1,1.2,12.9,13.05,8.1,5.6,0.2,0.4,2.8,0.11
S01749,BASALT,51.9,1.4,14.6,12.6,11.6,5.0,0.1,0.3,1.0,0.15
S01752,BASALT,52.9,1.5,13.9,13.5,7.7,4.9,0.2,0.7,3.0,0.1
S01755,BASALT,56.7,1.4,17.9,7.74,8.5,2.0,0.2,0.6,3.7,0.2
S01759,GABBRO,52.0,0.9,13.4,12.15,8.4,8.1,0.2,0.29,3.2,0.08
S01760,GABBRO,53.0,0.7,11.6,10.89,9.7,9.6,0.2,0.6,2.5,0.07
S01761,GABBRO,53.0,0.7,11.7,11.16,9.4,9.7,0.2,0.3,2.4,0.07
S01762,GABBRO,51.5,0.8,11.9,11.43,10.0,10.0,0.2,0.45,2.4,0.06
S01763,GABBRO,52.5,0.7,11.7,11.16,8.8,10.6,0.2,0.16,2.9,0.07
S01764,GABBRO,50.8,0.8,11.8,10.89,10.9,9.7,0.2,1.0,2.7,0.06
S01765,BASALT,48.42,1.3,6.94,14.93,13.18,12.58,0.23,0.12,0.55,0.09
S01766,BASALT,49.18,1.24,8.93,15.68,10.53,9.69,0.25,0.24,2.38,0.13
S01767,BASALT,48.41,0.76,15.14,11.0,10.7,10.64,0.19,0.18,1.69,0.07
S01768,BASALT,49.96,0.85,4.31,14.19,12.81,15.55,0.22,0.12,0.36,0.05
S01769,BASALT,49.99,0.77,15.86,10.67,10.28,8.39,0.18,0.46,2.14,0.07
S01770,BASALT,48.51,0.65,15.56,11.38,10.91,8.81,0.18,0.75,1.91,0.06
S01771,BASALT,49.24,0.77,15.84,12.07,9.85,7.92,0.18,0.52,2.2,0.06
S01772,BASALT,49.35,1.58,14.56,13.49,9.5,6.44,0.24,0.27,2.9,0.16
S01773,BASALT,49.7,0.89,14.73,12.22,9.84,7.49,0.19,0.45,3.05,0.07
S01774,BASALT,49.71,0.97,14.22,12.79,10.33,7.63,0.23,0.75,1.87,0.07
S01775,BASALT,50.46,0.89,14.85,12.08,7.54,9.03,0.21,0.58,2.95,0.08
S01776,BASALT,50.25,0.93,14.82,13.88,9.74,6.87,0.23,0.13,1.52,0.08
S01778,ANDESITE,57.62,0.56,14.64,8.25,7.8,5.95,0.15,0.75,3.3,0.05
S01781,ANDESITE,59.01,0.79,15.87,6.98,8.1,4.41,0.13,0.86,2.9,0.17
S01783,ANDESITE,60.95,0.87,16.2,7.17,4.3,4.68,0.11,0.43,4.29,0.19
S01784,ANDESITE,62.42,0.7,15.69,6.46,7.19,2.68,0.13,0.24,3.64,0.14
S01787,RHYOLITE,71.82,0.48,10.96,8.18,2.55,0.76,0.17,0.24,3.85,0.09
S01803,ANDESITE,60.52,1.85,12.5,10.44,5.07,3.22,0.12,0.91,3.92,0.2
S01804,ANDESITE,53.63,1.9,13.29,10.44,7.34,4.52,0.22,0.02,2.42,0.17
S01818,GABBRO,49.98,1.29,13.56,10.44,8.68,6.57,0.24,0.2,3.2,0.09
S01819,GABBRO,50.19,1.34,13.74,10.44,5.56,8.13,0.14,0.07,3.78,0.12
S01820,GABBRO,43.85,1.17,13.64,10.44,10.17,4.72,0.21,0.92,2.33,0.11
S01822,GABBRO,50.82,1.33,13.65,10.44,10.07,4.72,0.25,0.04,1.4,0.13
S01823,GABBRO,50.97,1.43,14.72,10.44,6.66,6.28,0.27,0.69,3.9,0.13
S01824,GABBRO,44.25,1.05,14.72,10.44,7.36,6.3,0.17,0.26,3.74,0.08
S01825,GABBRO,46.46,1.13,12.4,10.44,6.89,6.36,0.17,0.25,2.8,0.13
S01841,GABBRO,40.7,0.05,9.89,9.27,5.82,24.6,0.14,0.01,0.17,0.02
S01842,GABBRO,40.3,0.07,21.7,5.68,11.8,13.2,0.1,0.06,0.64,0.02
S01843,GABBRO,38.1,0.04,15.0,8.15,8.26,20.8,0.13,0.05,0.19,0.02
S01844,GABBRO,48.1,0.14,20.3,6.37,11.3,8.61,0.16,0.33,1.52,0.02
S01846,GABBRO,49.9,0.18,14.9,5.75,14.3,10.7,0.12,0.09,1.19,0.02
S01847,GABBRO,49.7,0.18,15.8,5.44,14.1,10.1,0.11,0.25,1.48,0.02
S01850,GABBRO,41.8,0.11,17.0,7.41,9.08,17.2,0.11,0.15,0.87,0.02
S01853,GABBRO,48.0,0.28,16.8,7.34,8.44,10.3,0.15,0.25,3.09,0.02
S01854,GABBRO,47.8,0.55,15.2,9.81,10.1,8.74,0.19,0.2,2.44,0.02
S01855,GABBRO,48.8,0.43,15.25,8.97,11.8,8.96,0.18,0.3,1.54,0.01
S01856,GABBRO,49.5,1.16,15.6,9.99,8.9,7.37,0.16,0.12,2.29,0.04
S01857,GABBRO,48.9,1.46,16.9,8.29,11.5,6.04,0.12,0.19,2.51,0.02
S01858,GABBRO,49.8,0.26,15.4,8.94,11.2,8.49,0.18,0.19,1.64,0.01
S01859,GABBRO,50.3,0.21,16.5,8.36,9.24,8.0,0.18,0.41,2.53,0.02
S01860,GABBRO,50.1,0.14,19.1,7.27,10.7,6.14,0.16,0.12,2.51,0.02
S01861,GABBRO,49.6,1.11,14.2,11.52,12.1,7.79,0.21,0.1,1.9,0.13
S01863,GABBRO,48.3,0.76,19.87,8.59,10.64,5.33,0.15,0.18,2.17,0.06
S01865,GABBRO,43.6,0.53,11.4,15.77,8.02,14.0,0.21,0.05,0.79,0.05
S01868,GABBRO,50.1,1.08,14.6,11.3,1.02,6.32,0.17,0.63,1.78,0.17
S01870,GABBRO,49.2,0.56,17.47,10.03,11.26,5.29,0.12,0.32,2.44,0.1
S01872,GABBRO,46.9,0.9,16.0,11.97,9.81,8.09,0.2,0.34,1.78,0.09
S01873,GABBRO,47.3,0.93,15.7,12.69,9.64,7.49,0.2,0.18,1.78,0.09
S01874,GABBRO,46.7,0.88,15.6,11.79,9.93,7.98,0.19,0.33,1.28,0.09
S01875,GABBRO,49.7,1.01,14.4,11.97,8.87,6.89,0.21,0.19,1.55,0.09
S01876,ANDESITE,59.13,0.72,16.93,7.05,5.84,5.24,0.11,0.26,4.11,0.16
S01880,BASALT,48.9,1.35,13.68,14.97,11.13,5.99,0.22,0.13,1.85,0.1
S01882,BASALT,50.06,1.72,13.97,14.86,7.89,6.37,0.22,0.06,3.04,0.15
S01883,ANDESITE,58.85,1.13,15.45,8.33,5.42,4.49,0.15,0.47,4.62,0.15
S01885,KOMATIITE,43.83,0.53,10.51,11.43,9.44,17.91,0.18,0.1,1.51,0.04
S01886,KOMATIITE,46.47,0.4929,10.25,10.72,9.21,17.56,0.1811,0.08,1.418,0.042
S01887,KOMATIITE,42.65,0.5673,11.78,10.82,7.45,20.18,0.1423,0.06,0.873,0.051
S01888,KOMATIITE,44.53,0.5227,9.81,11.03,7.91,19.8,0.1735,0.07,0.796,0.027
S01889,KOMATIITE,45.51,0.4927,9.33,10.92,9.19,19.01,0.193,0.05,0.885,0.025
S01890,KOMATIITE,44.89,0.5045,10.54,11.36,8.59,18.66,0.1837,0.07,1.222,0.033
S01891,KOMATIITE,45.27,0.5022,10.26,11.13,8.79,18.36,0.1775,0.08,1.284,0.035
S01892,KOMATIITE,45.83,0.4774,9.73,11.2,8.61,18.75,0.1807,0.08,1.205,0.03
S01893,KOMATIITE,45.35,0.4898,10.11,11.02,8.44,18.69,0.1676,0.15,1.246,0.036
S01894,KOMATIITE,45.59,0.4769,9.86,11.15,8.08,19.35,0.1744,0.13,1.077,0.035
S01895,KOMATIITE,46.25,0.4642,9.12,11.14,8.16,19.63,0.1793,0.07,0.961,0.04
S01896,KOMATIITE,45.97,0.4997,9.94,11.22,8.38,18.6,0.1715,0.22,1.295,0.039
S01897,KOMATIITE,45.37,0.4792,9.52,10.85,7.63,19.69,0.1757,0.06,1.031,0.033
S01898,KOMATIITE,45.49,0.7128,10.48,13.16,9.76,15.61,0.2919,0.15,1.219,0.049
S01900,GABBRO,46.9,0.9343,11.35,8.65,16.62,11.8,0.151,0.11,1.124,0.042
S01901,GABBRO,48.37,0.8219,13.1,8.59,11.95,12.29,0.1421,0.71,1.999,0.032
S01902,KOMATIITE,44.57,0.5964,8.25,11.69,8.32,20.1,0.1858,0.03,0.101,0.058
S01905,KOMATIITE,43.71,0.3085,6.17,10.15,7.03,25.12,0.1291,0.02,0.051,0.024
S01906,KOMATIITE,42.83,0.3261,6.11,12.62,6.02,25.05,0.1536,0.01,0.032,0.035
S01909,KOMATIITE,44.42,0.4617,8.82,10.53,5.51,23.41,0.1702,0.04,0.23,0.033
S01910,KOMATIITE,45.63,0.3703,7.37,9.63,6.15,24.08,0.1403,0.05,0.15,0.042
S01911,KOMATIITE,46.63,0.3126,5.96,8.75,7.96,24.16,0.1434,0.02,0.152,0.03
S01912,KOMATIITE,48.24,0.2599,5.62,9.03,7.35,23.66,0.1396,0.02,0.12,0.026
S01913,KOMATIITE,48.52,0.3386,7.11,9.39,7.22,22.15,0.1478,0.03,0.439,0.039
S01914,KOMATIITE,43.92,0.4325,8.75,10.75,6.89,22.42,0.1625,0.03,0.257,0.038
S01915,KOMATIITE,43.63,0.4246,8.72,10.65,6.61,22.86,0.1552,0.02,0.189,0.038
S01916,KOMATIITE,45.43,0.3797,7.58,9.49,6.49,23.82,0.157,0.01,0.101,0.033
S01917,KOMATIITE,45.71,0.3279,6.55,9.33,6.04,24.92,0.141,0.01,0.065,0.033
S01918,KOMATIITE,47.73,0.3478,5.58,9.28,5.98,24.77,0.1542,0.01,0.062,0.027
S01919,KOMATIITE,47.8,0.2764,6.45,9.0,7.18,23.34,0.1446,0.02,0.153,0.038
S01929,BASALT,49.28,1.77,13.1,15.24,9.69,5.57,0.23,0.34,1.22,0.14
S01930,BASALT,49.87,0.58,12.88,9.54,9.4,8.98,0.19,0.12,1.11,0.05
S01931,BASALT,52.35,0.74,15.69,9.27,7.7,6.3,0.17,0.14,2.15,0.05
S01932,BASALT,50.03,0.76,14.5,10.76,10.89,8.07,0.2,0.32,0.95,0.06
S01933,ANDESITE,55.87,0.67,13.46,10.36,5.94,6.84,0.25,0.03,0.0,0.07
S01934,BASALT,51.36,0.54,11.23,9.29,14.26,8.23,0.2,0.12,0.89,0.05
S01936,BASALT,46.74,0.63,8.87,13.45,4.56,16.92,0.15,0.13,0.59,0.04
S01938,BASALT,47.63,0.25,8.16,8.57,8.44,9.74,0.16,0.02,1.94,0.02
S01939,BASALT,50.25,0.69,8.5,8.07,8.98,7.4,0.18,0.21,0.0,0.05
S01940,BASALT,45.74,0.6,11.58,10.84,10.47,4.36,0.2,0.45,2.35,0.05
S01941,BASALT,52.04,0.64,13.01,5.96,7.29,6.91,0.17,0.12,3.69,0.05
S01942,BASALT,46.78,0.75,14.39,10.44,13.8,8.0,0.18,0.255,1.78,0.01
S01943,BASALT,47.29,0.91,13.31,10.44,13.83,5.0,0.18,0.02,1.81,0.07
S01944,BASALT,48.47,0.96,14.76,10.44,11.46,5.34,0.18,0.13,1.53,0.1
S01945,BASALT,48.98,1.0,14.89,10.44,8.81,7.47,0.18,0.45,2.97,0.1
S01946,BASALT,49.8,0.74,12.59,10.44,6.46,11.92,0.18,0.37,2.73,0.05
S01947,BASALT,49.2,0.75,12.83,10.44,7.64,10.92,0.18,0.45,3.45,0.07
S01948,BASALT,50.41,0.96,14.76,10.44,7.75,7.13,0.18,0.25,2.51,0.1
S01950,ANDESITE,51.9,0.75,13.91,10.44,6.89,7.18,0.18,0.09,3.39,0.03
S01951,ANDESITE,52.48,0.64,14.02,10.44,9.0,5.95,0.18,0.31,2.01,0.05
S01952,ANDESITE,54.72,0.75,14.85,10.44,8.62,4.3,0.18,0.15,3.13,0.02
S01953,ANDESITE,54.95,0.74,16.97,10.44,13.49,3.55,0.18,0.255,0.15,0.18
S01954,KOMATIITE,45.11,0.44,8.96,11.62,8.87,21.9,0.22,0.06,0.64,0.06
S01955,KOMATIITE,45.84,0.41,8.35,11.04,8.58,22.47,0.22,0.16,0.92,0.06
S01956,BASALT,49.28,1.77,13.1,15.24,9.69,5.57,0.23,0.34,1.22,0.14
S01957,BASALT,49.87,0.58,12.88,9.54,9.4,8.98,0.19,0.12,1.11,0.05
S01958,BASALT,52.35,0.74,15.69,9.27,7.7,6.3,0.17,0.14,2.15,0.05
S01959,BASALT,50.03,0.76,14.5,10.76,10.89,8.07,0.2,0.32,0.95,0.06
S01960,ANDESITE,55.87,0.67,13.46,10.36,5.94,6.84,0.25,0.03,0.0,0.07
S01961,BASALT,51.36,0.54,11.23,9.29,14.26,8.23,0.2,0.12,0.89,0.05
S01963,BASALT,46.74,0.63,8.87,13.45,4.56,16.92,0.15,0.13,0.59,0.04
S01965,BASALT,47.63,0.25,8.16,8.57,8.44,9.74,0.16,0.02,1.94,0.02
S01966,BASALT,50.25,0.69,8.5,8.07,8.98,7.4,0.18,0.21,0.0,0.05
S01967,BASALT,45.74,0.6,11.58,10.84,10.47,4.36,0.2,0.45,2.35,0.05
S01968,BASALT,52.04,0.64,13.01,5.96,7.29,6.91,0.17,0.12,3.69,0.05
S01974,BASALT,52.08,0.62,11.94,10.9,8.42,13.0,0.18,0.01,2.61,0.07
S01989,BASALT,51.2,0.9,15.4,11.88,10.2,7.7,0.2,0.22,1.29,0.07
S01993,BASALT,50.6,1.32,15.2,11.79,8.2,3.4,0.29,0.42,2.59,0.156
S01996,BASALT,60.9,1.19,14.4,6.84,5.7,2.7,0.18,0.52,4.04,0.195
S01997,BASALT,53.2,1.39,14.0,11.25,7.7,3.7,0.26,0.31,2.22,0.186
S02000,BASALT,47.9,1.11,13.4,10.8,10.5,3.06,0.29,0.22,2.55,0.09
S02001,BASALT,47.8,1.11,13.3,10.89,10.5,3.07,0.29,0.23,2.55,0.08
S02012,BASALT,61.4,0.25,5.4,15.57,6.8,2.19,0.11,0.13,0.1,0.05
S02038,BASALT,50.89,0.76,13.66,10.86,8.74,7.32,0.18,0.06,3.46,0.06
S02039,BASALT,50.19,0.76,14.52,11.03,7.21,8.23,0.18,0.04,4.05,0.06
S02040,BASALT,49.87,0.73,13.48,10.69,10.67,8.14,0.17,0.03,2.8,0.05
S02041,BASALT,49.85,0.74,13.77,10.62,10.77,7.83,0.17,0.03,2.87,0.06
S02042,BASALT,52.94,1.11,12.52,10.52,7.12,7.68,0.17,0.02,4.52,0.08
S02043,KOMATIITE,48.24,0.8,8.76,11.24,8.61,15.73,0.18,0.01,1.44,0.06
S02044,KOMATIITE,47.13,0.83,9.26,11.42,9.34,15.71,0.19,0.02,1.12,0.05
S02045,KOMATIITE,48.22,0.86,9.3,11.41,9.13,14.61,0.17,0.05,1.84,0.06
S02052,BASALT,54.23,1.28,15.2,9.29,3.94,5.15,0.25,0.13,4.99,0.2
S02054,BASALT,49.54,0.67,12.63,10.73,7.59,11.66,0.17,0.03,3.48,0.05
S02055,KOMATIITE,44.31,0.53,10.01,10.87,7.18,20.57,0.18,0.02,0.42,0.05
S02056,KOMATIITE,46.76,0.55,10.49,10.74,7.62,16.93,0.19,0.04,1.58,0.05
S02057,KOMATIITE,49.03,0.56,11.32,9.61,7.85,14.94,0.16,0.04,2.44,0.06
S02058,KOMATIITE,43.35,0.48,9.47,10.54,7.59,21.13,0.17,0.01,0.16,0.04
S02059,KOMATIITE,45.56,0.7,7.86,11.62,9.73,18.12,0.18,0.01,0.36,0.05
S02060,KOMATIITE,45.22,0.72,8.16,11.94,9.17,19.23,0.19,0.02,0.15,0.06
S02061,KOMATIITE,47.26,0.84,9.38,11.73,8.78,15.15,0.18,0.08,1.5,0.07
S02062,KOMATIITE,46.95,0.88,9.99,11.78,8.96,14.41,0.18,0.06,2.08,0.07
S02063,KOMATIITE,45.49,0.83,7.87,12.57,8.38,17.92,0.22,0.03,0.56,0.05
S02064,BASALT,46.35,0.99,5.62,10.44,9.25,19.61,0.27,0.05,0.32,0.03
S02066,BASALT,48.16,0.75,12.64,10.44,11.6,9.22,0.22,0.28,2.38,0.07
S02067,BASALT,47.44,0.82,14.93,10.44,13.81,6.58,0.23,0.42,1.78,0.05
S02068,KOMATIITE,47.17,0.64,10.72,12.13,5.96,21.2,0.18,0.0,0.61,0.05
S02069,KOMATIITE,44.61,0.62,10.39,12.66,6.83,23.12,0.19,0.0,0.13,0.05
S02079,KOMATIITE,49.37,0.52,8.48,12.06,10.35,15.93,0.28,0.01,1.6,0.05
S02081,KOMATIITE,48.47,0.51,7.25,11.78,8.74,21.65,0.22,0.01,0.01,0.04
S02084,KOMATIITE,46.16,0.41,7.89,11.13,7.85,24.12,0.2,0.2,0.76,0.04
S02090,BASALT,48.39465906,1.446335746,15.48262155,12.82,13.43390072,4.01590052,0.229334421,0.387320355,2.221995719,0.142696973
S02092,BASALT,52.93761967,1.674896705,14.55205079,12.44,8.062078001,3.476771138,0.226745944,0.4031039,4.696160435,0.16124156
S02093,BASALT,51.86971008,0.771889163,15.36535397,10.71,8.99157751,7.253274838,0.206940794,0.755333899,2.804047762,0.0828
S02094,BASALT,52.00745033,0.776076159,15.41804636,10.68,9.03352649,7.264072848,0.203849338,0.838162252,2.773178808,0.0828
S02095,BASALT,57.19515916,0.870537984,13.56656158,9.6,8.329095902,5.796806671,0.195260856,0.9254551,2.359402014,0.0915
S02096,BASALT,58.04873076,0.857375879,13.62014477,8.87,9.817514527,5.291059231,0.18656336,0.265062698,1.957386074,0.0918
S02097,BASALT,51.50254757,1.78226058,13.68410107,12.06,11.2613081,4.928771966,0.274513882,0.114380784,2.880316107,0.176770303
S02099,BASALT,49.27388014,1.463489466,15.37124156,12.46,10.55430558,5.491920638,0.186132133,1.155655553,2.515851912,0.132951524
S02101,BASALT,51.54681418,0.673017824,14.22864167,11.01,6.791641057,10.35648433,0.263265724,0.471214915,3.370211022,0.0615
S02102,BASALT,51.44860295,1.754820085,13.70244355,13.54,8.763790081,5.258274049,0.285596453,0.237137849,3.31992989,0.175275802
S02103,BASALT,57.47701736,0.865168539,13.35035751,8.52,13.01327886,4.923391216,0.169560776,0.214504597,0.459652707,0.0919
S02104,BASALT,53.23352684,0.774009573,14.75710357,9.93,10.18433649,6.966086159,0.201649863,0.621244526,2.148894999,0.0815
S02105,BASALT,55.00869743,0.920904533,14.1103039,10.78,9.352297145,6.118899007,0.222040315,0.337664995,1.852041338,0.0921
S02106,BASALT,50.87719298,1.71679198,13.70091896,13.69,10.31746032,4.730576441,0.26106934,0.156641604,2.861319967,0.156641604
S02107,BASALT,49.90522325,1.027801179,15.45914069,11.93,10.69924179,6.929233361,0.181128896,0.189553496,2.285172704,0.084245998
S02108,BASALT,50.58811391,1.033842344,14.91952125,12.7,8.17168799,6.840693355,0.257944697,0.031,3.951712753,0.0929
S02109,BASALT,51.49949341,1.067882472,14.78216819,11.79,11.06382979,5.683890578,0.191489362,0.455927052,2.066869301,0.0811
S02110,BASALT,50.70008117,0.638189935,13.15949675,10.08,11.85064935,9.993912338,0.175527597,0.344967532,1.877029221,0.0609
S02111,BASALT,53.982119,0.621724386,11.94121879,9.77,12.228959,7.923132258,0.210666941,0.246634467,1.921693557,0.0617
S02114,BASALT,51.74103952,0.462575309,15.1128357,8.22,13.63218626,7.913815991,0.206269785,0.0715,1.644031451,0.0715
S02115,BASALT,51.39835249,0.450523747,14.82762128,9.68,11.3291976,8.156208685,0.129156921,0.722058375,2.186514797,0.0508
S02116,BASALT,52.55927547,0.477256538,15.50829348,7.86,12.2316068,7.743970693,0.103795665,0.162816729,2.432074896,0.040704182
S02117,BASALT,49.90784354,0.483309441,15.24677452,10.04,11.63219332,9.707147246,0.183288962,0.0512,1.587139054,0.041
S02118,BASALT,53.46474294,0.48465759,14.86486486,7.98,11.10546637,8.392603129,0.166632798,0.162568584,2.438528754,0.0406
S02119,BASALT,51.79818066,0.440025386,14.36429025,8.65,12.39686905,8.927438121,0.181933573,0.0846,2.16839433,0.0423
S02120,BASALT,53.92788152,0.884309938,15.53981541,7.94,13.29684482,4.689847607,0.185662159,0.255,2.61858768,0.0751
S02121,BASALT,56.166544,0.798023341,14.19409105,10.38,7.654295027,6.255914205,0.227105457,0.255,3.122700032,0.0631
S02122,BASALT,58.20864505,0.908146301,15.88736492,7.51,9.039900249,4.738154613,0.158977556,0.255,2.680798005,0.07273483
S02123,BASALT,52.16416237,1.082081184,14.30814084,13.5,9.744337295,4.698362862,0.207445616,0.627943485,2.06324288,0.100919489
S02124,BASALT,55.09844902,0.896491035,15.7298427,10.49,7.391926081,5.895941041,0.185898141,0.14299857,2.93697063,0.077
S02125,BASALT,52.23864724,1.032649155,14.53791343,11.88,8.848239923,6.955227055,0.213761565,0.255,2.913963629,0.0957
S02126,BASALT,51.36678011,0.688330223,14.83148534,12.1,10.36337688,8.56295971,0.198704578,0.022,0.461082446,0.0549
S02127,BASALT,50.12486993,0.62226847,8.66805411,10.84,10.92611863,16.17065557,0.199791883,0.0832,1.113423517,0.0416
S02128,BASALT,52.98390702,0.926464014,14.27134555,11.53,9.611086276,6.783638802,0.208985248,0.078229772,2.257487707,0.0671
S02132,BASALT,49.83,1.13,12.16,10.45,7.42,5.67,0.19,0.16,2.06,0.14
S02133,BASALT,42.15,0.74,13.92,7.82,12.22,5.85,0.16,0.86,1.96,0.13
S02134,BASALT,46.6,0.73,14.6,7.75,10.49,3.08,0.29,0.12,5.11,0.13
S02135,BASALT,49.06,1.31,11.97,10.37,10.08,2.93,0.21,0.89,1.03,0.16
S02136,BASALT,42.07,0.81,16.21,11.8,8.74,9.99,0.21,0.04,2.41,0.06
S02138,BASALT,46.61,0.93,13.65,10.59,10.8,7.17,0.26,0.03,0.6,0.09
S02140,BASALT,45.3,0.8,13.83,10.27,9.78,7.44,0.26,0.59,1.3,0.07
S02141,BASALT,48.14,0.72,17.69,8.42,9.25,7.58,0.15,0.47,3.06,0.18
S02143,BASALT,51.04,1.17,12.88,11.18,10.6,6.53,0.23,0.12,1.76,0.1
S02145,ANDESITE,52.16,1.24,14.7,9.56,8.84,5.81,0.18,0.2,4.12,0.2
S02154,GABBRO,48.39,1.71,15.03,15.85,7.43,2.75,0.27,0.37,5.29,0.19
S02155,GABBRO,46.51,2.04,12.79,16.6,9.22,6.4,0.23,0.27,3.44,0.17
S02160,THOLEIITE,48.35,0.67,12.11,11.03,11.04,10.91,0.2,0.14,1.91,0.07
S02161,THOLEIITE,49.48,0.63,11.13,10.6,11.59,11.06,0.2,0.12,1.72,0.06
S02162,THOLEIITE,45.59,0.56,10.05,10.09,9.8,14.87,0.18,0.05,1.25,0.06
S02163,THOLEIITE,49.76,0.9,12.68,10.55,13.41,8.04,0.19,0.16,0.91,0.1
S02164,THOLEIITE,50.64,0.93,13.07,11.08,11.56,7.52,0.19,0.17,1.74,0.1
S02165,THOLEIITE,48.65,0.85,15.97,10.72,12.0,6.01,0.18,0.21,2.91,0.07
S02166,THOLEIITE,49.01,0.86,16.0,10.67,11.29,6.28,0.18,0.22,3.11,0.07
S02167,THOLEIITE,48.58,0.9,14.89,11.31,11.72,7.33,0.2,0.17,2.24,0.07
S02168,THOLEIITE,48.16,0.83,15.4,10.8,13.81,6.19,0.18,0.13,1.28,0.07
S02169,THOLEIITE,49.68,0.94,13.44,10.69,13.34,7.27,0.19,0.11,0.86,0.1
S02170,THOLEIITE,48.09,0.98,13.35,12.18,11.07,8.64,0.21,0.14,1.56,0.1
S02171,THOLEIITE,47.15,0.89,12.79,12.1,9.13,11.62,0.2,0.12,2.01,0.1
S02172,THOLEIITE,47.26,0.92,12.66,11.26,9.56,9.88,0.18,0.14,2.17,0.1
S02173,THOLEIITE,48.16,0.67,12.44,10.81,13.02,9.24,0.19,0.13,1.17,0.07
S02174,KOMATIITE,47.8,0.42,8.56,12.99,9.37,20.09,0.23,0.01,0.08,0.03
S02175,KOMATIITE,47.4,0.45,8.32,12.96,10.47,19.6,0.23,0.01,0.07,0.03
S02176,KOMATIITE,46.7,0.48,8.98,12.88,10.9,19.24,0.23,0.01,0.08,0.03
S02177,KOMATIITE,48.3,0.5,9.42,13.23,9.7,18.0,0.22,0.02,0.16,0.04
S02178,KOMATIITE,51.0,0.63,11.37,11.11,9.06,14.64,0.19,0.01,1.76,0.05
S02179,KOMATIITE,48.6,0.57,9.52,13.58,8.33,18.17,0.21,0.01,0.65,0.04
S02180,KOMATIITE,46.7,0.57,11.16,15.82,8.63,15.78,0.18,0.02,0.88,0.04
S02181,KOMATIITE,47.5,0.56,11.02,12.48,10.4,16.63,0.2,0.06,1.18,0.0
S02182,KOMATIITE,49.0,0.66,13.4,15.0,3.65,16.66,0.17,0.12,1.15,0.04
S02183,KOMATIITE,50.4,0.61,12.06,11.84,10.52,12.18,0.19,0.15,1.82,0.05
S02184,KOMATIITE,48.7,0.59,11.54,13.56,8.81,15.31,0.21,0.04,0.97,0.04
S02185,KOMATIITE,50.5,0.67,12.3,13.49,7.04,13.89,0.19,0.07,1.7,0.05
S02186,KOMATIITE,51.4,0.64,11.56,11.47,13.23,9.94,0.14,0.02,1.46,0.05
S02187,KOMATIITE,51.6,0.79,15.23,12.58,10.02,7.67,0.21,0.18,1.55,0.06
S02188,KOMATIITE,51.4,0.92,14.27,13.28,9.74,7.32,0.22,0.3,2.41,0.08
S02189,KOMATIITE,52.5,0.49,13.56,10.46,10.67,10.46,0.2,0.01,1.61,0.0
S02191,KOMATIITE,45.6,0.37,8.53,11.72,8.85,23.98,0.21,0.04,0.1,0.0
